{"stats":{"minecraft:broken":{"securitycraft:universal_block_reinforcer_lvl1":2,"minecraft:shield":3,"minecraft:stone_pickaxe":2,"minecraft:flint_and_steel":2},"minecraft:custom":{"minecraft:interact_with_crafting_table":160,"minecraft:open_barrel":6,"minecraft:bell_ring":4,"minecraft:leave_game":6,"minecraft:time_since_death":74710,"minecraft:damage_blocked_by_shield":9150,"minecraft:deaths":24,"minecraft:jump":7243,"minecraft:interact_with_furnace":18,"minecraft:traded_with_villager":53,"minecraft:sleep_in_bed":42,"minecraft:waystone_activated":20,"minecraft:damage_dealt":105549,"minecraft:interact_with_smoker":37,"minecraft:inspect_dispenser":1,"minecraft:interact_with_smithing_table":4,"minecraft:interact_with_anvil":9,"minecraft:sneak_time":23606,"minecraft:interact_with_blast_furnace":145,"minecraft:time_since_rest":6530,"minecraft:swim_one_cm":44097,"minecraft:fly_one_cm":1921327,"minecraft:open_chest":508,"minecraft:fall_one_cm":331593,"minecraft:animals_bred":7,"minecraft:sprint_one_cm":2327341,"minecraft:drop":1039,"minecraft:talked_to_villager":466,"minecraft:interact_with_brewingstand":1,"minecraft:walk_on_water_one_cm":78954,"minecraft:play_one_minute":756886,"minecraft:crouch_one_cm":71792,"minecraft:mob_kills":215,"minecraft:climb_one_cm":78250,"minecraft:walk_one_cm":2204557,"minecraft:walk_under_water_one_cm":9152,"minecraft:boat_one_cm":31381,"minecraft:raid_trigger":1,"minecraft:damage_taken":12522,"minecraft:damage_absorbed":558},"minecraft:picked_up":{"minecraft:iron_chestplate":2,"securitycraft:reinforced_oak_slab":7,"cgm:basic_bullet":96,"iceandfire:copper_ore":6,"minecraft:anvil":1,"minecraft:oak_stairs":10,"minecraft:enchanted_book":7,"minecraft:wither_rose":3,"minecraft:brewing_stand":1,"iceandfire:manuscript":17,"minecraft:string":13,"cgm:long_scope":1,"securitycraft:reinforced_dirt":2,"minecraft:beetroot":4,"minecraft:gold_nugget":36,"minecraft:spruce_planks":80,"securitycraft:reinforced_oak_stairs":41,"quark:root_item":2,"cgm:advanced_bullet":192,"minecraft:composter":5,"iceandfire:silver_ore":6,"quark:violet_crystal_cluster":5,"minecraft:cauldron":1,"minecraft:iron_block":3,"minecraft:white_terracotta":17,"minecraft:iron_bars":1,"quark:marble":263,"minecraft:magma_block":5,"minecraft:feather":2,"mutantbeasts:mutant_skeleton_skull":2,"minecraft:iron_door":1,"biomesoplenty:fir_log":112,"minecraft:smoker":4,"biomesoplenty:fir_sapling":4,"minecraft:flint":74,"minecraft:gray_concrete":8,"minecraft:lantern":1,"luckytntmod:uranium_ore":8,"minecraft:glowstone_dust":2,"quark:green_crystal_cluster":4,"minecraft:stripped_spruce_log":1,"iceandfire:stymphalian_bird_feather":28,"minecraft:ink_sac":8,"quark:polished_marble_stairs":4,"quark:cobbled_deepslate":3016,"minecraft:polished_andesite":16,"minecraft:dispenser":1,"iceandfire:lectern":2,"minecraft:granite":483,"minecraft:bricks":2,"iceandfire:dragon_skull_lightning":1,"minecraft:crafting_table":12,"minecraft:clay_ball":20,"minecraft:leather_leggings":2,"minecraft:cornflower":6,"minecraft:cracked_stone_bricks":4,"iceandfire:graveyard_soil":1,"iceandfire:bestiary":2,"minecraft:beef":29,"minecraft:cyan_wool":2,"minecraft:poppy":4,"minecraft:spruce_slab":2,"securitycraft:reinforced_cobblestone":124,"minecraft:oak_door":7,"minecraft:carrot":210,"minecraft:redstone":529,"quark:violet_crystal":3,"minecraft:beetroot_seeds":13,"mutantbeasts:mutant_skeleton_rib":12,"minecraft:hay_block":28,"everlastingabilities:ability_bottle":1,"quark:polished_deepslate":145,"minecraft:mutton":3,"minecraft:white_wool":35,"minecraft:oxeye_daisy":2,"minecraft:stripped_oak_log":2,"minecraft:oak_log":370,"quark:limestone":14,"minecraft:blue_bed":8,"securitycraft:reinforced_glass":13,"minecraft:white_banner":1,"minecraft:apple":15,"minecraft:stone_bricks":17,"iceandfire:pixie_jar_empty":1,"minecraft:oak_fence_gate":13,"minecraft:iron_ore":329,"iceandfire:copper_nugget":31,"minecraft:sweet_berries":22,"minecraft:gravel":446,"minecraft:spruce_log":64,"minecraft:leather_helmet":1,"minecraft:purple_bed":1,"minecraft:slime_ball":33,"minecraft:ender_pearl":2,"gobber2:gobber2_goo_nether":1,"minecraft:wheat":102,"minecraft:stone_brick_stairs":28,"securitycraft:reinforced_oak_planks":610,"minecraft:iron_leggings":2,"minecraft:armor_stand":2,"minecraft:smooth_stone":21,"minecraft:cobblestone_slab":1,"minecraft:furnace":1,"minecraft:iron_boots":3,"minecraft:stick":63,"iceandfire:pixie_dust":1,"iceandfire:ghost_chest":1,"minecraft:oak_fence":80,"minecraft:torch":131,"minecraft:spruce_stairs":6,"mutantbeasts:mutant_skeleton_shoulder_pad":6,"minecraft:porkchop":19,"iceandfire:rotten_egg":1,"minecraft:diorite":542,"minecraft:rotten_flesh":93,"minecraft:obsidian":25,"minecraft:cobblestone":11886,"mutantbeasts:mutant_skeleton_limb":16,"minecraft:andesite":698,"minecraft:potato":175,"cgm:heavy_rifle":1,"gobber2:gobber2_ore":71,"minecraft:lapis_lazuli":238,"minecraft:dirt":2586,"minecraft:leather_boots":1,"minecraft:bone":8,"gobber2:gobber2_gooey_beef":2,"minecraft:wheat_seeds":247,"everlastingabilities:ability_totem":3,"minecraft:mossy_stone_bricks":2,"minecraft:fletching_table":6,"minecraft:oak_planks":161,"gobber2:gobber2_gooey_bread":1,"iceandfire:podium_spruce":2,"minecraft:poisonous_potato":2,"minecraft:sand":184,"minecraft:grass_block":1,"minecraft:mossy_cobblestone":35,"minecraft:light_gray_concrete":8,"minecraft:diamond":42,"waystones:waystone":17,"mutantbeasts:mutant_skeleton_pelvis":2,"minecraft:emerald":11,"minecraft:oak_sapling":96,"minecraft:netherrack":25,"iceandfire:silver_nugget":20,"gobber2:gobber2_goo":2,"iceandfire:copper_ingot":16,"minecraft:azure_bluet":2,"minecraft:chicken":2,"minecraft:ladder":1,"minecraft:shield":1,"minecraft:oak_trapdoor":8,"minecraft:oak_boat":1,"minecraft:player_head":2,"minecraft:observer":1,"minecraft:lectern":134,"iceandfire:dragonbone":24,"supernatural:iron_haunted_helmet":1,"minecraft:cookie":1,"quark:green_crystal":4,"iceandfire:silver_ingot":1,"minecraft:arrow":4,"quark:smooth_basalt":110,"cgm:assault_rifle":1,"minecraft:skeleton_skull":1,"minecraft:leather":16,"iceandfire:ectoplasm":3,"minecraft:gunpowder":53,"minecraft:yellow_bed":11,"minecraft:cobblestone_wall":2,"minecraft:cobblestone_stairs":22,"minecraft:iron_ingot":11,"quark:tallow":14,"minecraft:stripped_oak_wood":1,"minecraft:book":69,"minecraft:oak_slab":1,"minecraft:emerald_block":1,"minecraft:chiseled_stone_bricks":7,"minecraft:stone_brick_slab":3,"iceandfire:ash":2,"minecraft:dandelion":5,"cgm:specialised_grip":1,"minecraft:blast_furnace":5,"minecraft:white_bed":14,"minecraft:mossy_stone_brick_slab":1,"minecraft:gold_ore":48,"minecraft:spruce_door":2,"quark:oak_chest":1,"minecraft:spider_eye":2,"minecraft:iron_helmet":1,"minecraft:coal":515},"minecraft:dropped":{"minecraft:lapis_lazuli":238,"minecraft:cooked_beef":16,"minecraft:crafting_table":1,"quark:polished_deepslate":3,"minecraft:cooked_porkchop":3,"gobber2:gobber2_sword":1,"relics:ice_skates":2,"minecraft:cookie":1,"iceandfire:ectoplasm":3,"minecraft:cracked_stone_bricks":3,"everlastingabilities:ability_totem":2,"minecraft:leather_helmet":1,"minecraft:dirt":1159,"minecraft:gray_concrete":8,"luckytntmod:uranium_ore":5,"gobber2:gobber2_goo_nether":1,"quark:cobbled_deepslate":2151,"minecraft:gold_nugget":18,"quark:violet_crystal":3,"minecraft:bone_meal":3,"gobber2:gobber2_goo":2,"securitycraft:reinforced_dirt":2,"minecraft:iron_pickaxe":1,"minecraft:white_wool":5,"quark:oak_chest":1,"minecraft:bone":5,"minecraft:oak_door":6,"supernatural:iron_haunted_helmet":1,"minecraft:stone_axe":1,"quark:green_crystal":4,"minecraft:wheat":64,"minecraft:obsidian":10,"minecraft:rotten_flesh":93,"minecraft:oak_planks":42,"minecraft:glowstone_dust":2,"minecraft:azure_bluet":1,"minecraft:white_bed":5,"iceandfire:copper_ore":6,"minecraft:tipped_arrow":7,"securitycraft:reinforced_oak_planks":21,"iceandfire:ghost_chest":1,"gobber2:gobber2_ore":6,"gobber2:gobber2_chestplate":1,"minecraft:leather_boots":1,"iceandfire:bestiary":2,"minecraft:leather_leggings":2,"securitycraft:reinforced_oak_slab":6,"minecraft:spruce_slab":1,"minecraft:beef":13,"minecraft:stone_brick_stairs":28,"iceandfire:manuscript":17,"minecraft:enchanted_book":5,"minecraft:wheat_seeds":190,"minecraft:oak_fence":80,"minecraft:iron_helmet":3,"minecraft:feather":2,"minecraft:cobblestone":10602,"minecraft:apple":22,"minecraft:granite":478,"minecraft:spruce_door":3,"mutantbeasts:mutant_skeleton_pelvis":1,"minecraft:coal":48,"minecraft:polished_andesite":16,"minecraft:oxeye_daisy":1,"iceandfire:copper_nugget":31,"minecraft:wooden_axe":1,"mutantbeasts:mutant_skeleton_rib":6,"minecraft:oak_stairs":10,"minecraft:smooth_stone":21,"minecraft:iron_shovel":1,"minecraft:string":3,"minecraft:stone_brick_slab":1,"iceandfire:silver_nugget":11,"minecraft:bricks":2,"minecraft:player_head":1,"minecraft:cobblestone_wall":2,"gobber2:gobber2_boots":1,"gobber2:gobber2_gooey_beef":2,"minecraft:clay_ball":20,"minecraft:iron_boots":5,"securitycraft:reinforced_cobblestone":41,"minecraft:light_gray_concrete":5,"minecraft:white_terracotta":17,"minecraft:potato":84,"minecraft:cobblestone_slab":1,"minecraft:hay_block":1,"minecraft:cyan_wool":2,"minecraft:spruce_planks":70,"minecraft:yellow_bed":7,"iceandfire:silver_ingot":2,"minecraft:spider_eye":2,"iceandfire:lectern":2,"minecraft:stone_bricks":15,"minecraft:magma_block":1,"minecraft:gold_ore":2,"minecraft:oak_log":11,"quark:marble":2,"minecraft:lantern":1,"minecraft:leather":6,"relics:squire_bag":1,"biomesoplenty:fir_sapling":4,"iceandfire:graveyard_soil":1,"minecraft:flint":60,"minecraft:cobblestone_stairs":19,"iceandfire:copper_ingot":16,"minecraft:dispenser":1,"iceandfire:pixie_jar_empty":1,"minecraft:cornflower":6,"iceandfire:ash":2,"minecraft:stripped_oak_wood":1,"gobber2:gobber2_gooey_bread":1,"minecraft:cauldron":1,"minecraft:armor_stand":1,"minecraft:gravel":393,"iceandfire:stymphalian_bird_feather":28,"quark:tallow":8,"quark:root_item":2,"mutantbeasts:mutant_skeleton_shoulder_pad":4,"minecraft:beetroot":4,"mutantbeasts:mutant_skeleton_limb":8,"minecraft:mossy_stone_brick_slab":1,"minecraft:carrot":163,"minecraft:chiseled_stone_bricks":5,"minecraft:poppy":4,"minecraft:oak_fence_gate":11,"minecraft:gunpowder":13,"minecraft:beetroot_seeds":13,"iceandfire:pixie_dust":1,"minecraft:iron_ore":11,"gobber2:gobber2_helmet":1,"minecraft:arrow":4,"minecraft:netherrack":25,"minecraft:bread":44,"minecraft:stripped_spruce_log":1,"minecraft:oak_slab":5,"minecraft:mossy_cobblestone":35,"minecraft:poisonous_potato":2,"minecraft:observer":1,"supertools:hammeriron":1,"minecraft:spruce_stairs":6,"minecraft:grass_block":1,"minecraft:stick":77,"iceandfire:podium_spruce":2,"minecraft:diorite":521,"minecraft:torch":2,"minecraft:iron_door":1,"minecraft:iron_leggings":3,"minecraft:wither_rose":3,"quark:green_crystal_cluster":4,"minecraft:iron_axe":5,"minecraft:dandelion":5,"iceandfire:dragonbone":1,"minecraft:redstone":421,"minecraft:sweet_berries":10,"gobber2:gobber2_leggings":1,"minecraft:oak_trapdoor":1,"minecraft:composter":5,"quark:violet_crystal_cluster":5,"iceandfire:silver_ore":6,"minecraft:iron_hoe":1,"minecraft:stripped_oak_log":2,"quark:polished_marble_stairs":2,"minecraft:filled_map":1,"quark:smooth_basalt":99,"minecraft:shield":2,"minecraft:iron_chestplate":3,"minecraft:andesite":683,"minecraft:purple_bed":1,"minecraft:mossy_stone_bricks":1,"minecraft:oak_sapling":83,"minecraft:slime_ball":26,"minecraft:stone_pickaxe":1,"minecraft:wooden_pickaxe":1},"minecraft:mined":{"minecraft:white_bed":13,"iceandfire:copper_pile":2,"minecraft:obsidian":6,"minecraft:granite":45,"minecraft:oxeye_daisy":1,"minecraft:red_stained_glass_pane":1,"minecraft:chiseled_stone_bricks":3,"minecraft:spawner":2,"minecraft:tall_seagrass":1,"minecraft:magma_block":1,"gobber2:gobber2_ore":28,"minecraft:fire":53,"minecraft:fletching_table":6,"iceandfire:gold_pile":3,"minecraft:oak_stairs":2,"quark:limestone":14,"minecraft:light_gray_concrete":3,"minecraft:iron_block":3,"minecraft:player_head":1,"minecraft:player_wall_head":1,"minecraft:smoker":4,"minecraft:torch":37,"minecraft:blast_furnace":5,"minecraft:bricks":1,"minecraft:skeleton_skull":1,"minecraft:white_terracotta":4,"minecraft:cyan_wool":2,"minecraft:wheat":64,"minecraft:wither_rose":1,"minecraft:stone_brick_stairs":10,"minecraft:grass":194,"minecraft:oak_fence_gate":9,"biomesoplenty:reed":45,"quark:green_crystal":3,"biomesoplenty:watergrass":76,"minecraft:mossy_cobblestone":13,"quark:cobbled_deepslate":3,"minecraft:black_stained_glass_pane":1,"minecraft:redstone_ore":22,"quark:violet_crystal":3,"minecraft:andesite":74,"quark:smooth_basalt":34,"minecraft:potatoes":87,"minecraft:cobblestone_slab":1,"minecraft:vine":1,"iceandfire:podium_spruce":1,"minecraft:white_wool":11,"minecraft:oak_slab":1,"minecraft:gray_concrete":3,"minecraft:glass_pane":24,"quark:oak_chest":3,"minecraft:stone_brick_slab":2,"minecraft:tall_grass":69,"minecraft:diorite":74,"minecraft:purple_bed":1,"quark:green_crystal_cluster":2,"minecraft:spruce_log":65,"quark:deepslate":1171,"new_xp_ore:xp_ore":5,"iceandfire:silver_pile":3,"minecraft:gravel":135,"minecraft:stone_bricks":16,"minecraft:gold_ore":18,"minecraft:fern":2,"luckytntmod:uranium_ore":4,"quark:root":2,"minecraft:spruce_planks":77,"minecraft:farmland":13,"minecraft:mossy_stone_brick_slab":1,"minecraft:cobblestone_stairs":8,"minecraft:brewing_stand":1,"minecraft:stripped_crimson_hyphae":2,"minecraft:grass_block":201,"gobber2:gobber2_lucky_block":1,"iceandfire:lectern":1,"minecraft:composter":4,"minecraft:smooth_stone":17,"minecraft:glowstone":1,"minecraft:iron_ore":167,"quark:violet_crystal_cluster":1,"minecraft:anvil":1,"minecraft:azure_bluet":2,"minecraft:iron_bars":1,"minecraft:spruce_slab":1,"dead_guys_untitled_deep_dark_:cold_sculk":20,"minecraft:quartz_block":1,"minecraft:clay":5,"minecraft:poppy":2,"quark:stone_speleothem":1,"iceandfire:ghost_chest":1,"minecraft:mushroom_stem":1,"minecraft:cobblestone":204,"minecraft:oak_planks":79,"minecraft:iron_door":2,"minecraft:wall_torch":42,"minecraft:cauldron":4,"minecraft:seagrass":14,"quark:marble":112,"minecraft:stripped_oak_wood":1,"biomesoplenty:fir_log":123,"minecraft:oak_log":364,"minecraft:beetroots":4,"minecraft:sand":52,"minecraft:dirt":369,"minecraft:netherrack":5,"minecraft:oak_leaves":40,"minecraft:emerald_block":1,"minecraft:diamond_ore":20,"minecraft:oak_door":2,"minecraft:spruce_leaves":5,"minecraft:large_fern":1,"minecraft:hay_block":27,"minecraft:oak_trapdoor":8,"minecraft:furnace":1,"minecraft:carrots":62,"iceandfire:copper_ore":4,"minecraft:stripped_spruce_log":1,"minecraft:bookshelf":22,"minecraft:lantern":1,"minecraft:stripped_oak_log":2,"minecraft:stone":2117,"iceandfire:pixie_jar_empty":1,"minecraft:podzol":1,"quark:polished_deepslate":60,"minecraft:spruce_door":2,"minecraft:oak_fence":80,"minecraft:crafting_table":11,"minecraft:lectern":134,"minecraft:lapis_ore":11,"minecraft:blue_bed":8,"minecraft:spruce_stairs":3,"minecraft:sweet_berry_bush":10,"iceandfire:ash":3,"minecraft:yellow_bed":8,"minecraft:grass_path":41,"quark:polished_marble_stairs":4,"minecraft:coal_ore":196,"biomesoplenty:fir_leaves":9,"minecraft:cracked_stone_bricks":4,"minecraft:polished_andesite":8,"minecraft:mossy_stone_bricks":2,"luckytntmod:gunpowder_ore":13},"minecraft:killed":{"iceandfire:stymphalian_bird":7,"minecraft:skeleton":12,"minecraft:chicken":2,"minecraft:parrot":3,"minecraft:pillager":6,"minecraft:zombie":59,"minecraft:cow":13,"supernatural:possessed_armor":1,"minecraft:vindicator":19,"minecraft:horse":2,"minecraft:enderman":2,"minecraft:spider":7,"minecraft:pig":8,"minecraft:zombie_villager":1,"minecraft:creeper":3,"minecraft:sheep":2,"iceandfire:pixie":8,"minecraft:slime":49,"minecraft:squid":4,"mutantbeasts:mutant_skeleton":2},"minecraft:killed_by":{"minecraft:zombie_villager":2,"minecraft:piglin_brute":1,"minecraft:zombie":7,"minecraft:slime":2,"iceandfire:fire_dragon":5,"minecraft:enderman":1,"mutantbeasts:mutant_skeleton":2,"minecraft:skeleton":2},"minecraft:used":{"quark:cobbled_deepslate":97,"minecraft:spruce_slab":1,"minecraft:ladder":55,"minecraft:lava_bucket":1,"gobber2:gobber2_hammer":2060,"minecraft:sweet_berries":12,"minecraft:furnace":2,"minecraft:oak_sapling":1,"quark:polished_deepslate":871,"minecraft:potato":96,"minecraft:mossy_stone_bricks":1,"minecraft:diorite":21,"minecraft:spruce_door":2,"luckytntmod:uranium_ore":3,"minecraft:wooden_pickaxe":10,"minecraft:composter":1,"minecraft:golden_apple":1,"minecraft:sand":4,"minecraft:blast_furnace":6,"quark:marble":4,"securitycraft:universal_block_remover":71,"securitycraft:reinforced_oak_slab":31,"gobber2:gobber2_axe":949,"minecraft:lectern":134,"cgm:assault_rifle":96,"minecraft:smithing_table":1,"minecraft:oak_boat":2,"mining_dimension:teleporter":1,"minecraft:oak_trapdoor":28,"minecraft:iron_bars":1,"minecraft:armor_stand":1,"minecraft:torch":777,"minecraft:brewing_stand":1,"minecraft:anvil":2,"minecraft:oak_fence_gate":6,"minecraft:iron_axe":393,"gobber2:gobber2_staff_ensnarement":24,"minecraft:wheat_seeds":57,"minecraft:water_bucket":92,"securitycraft:reinforced_oak_planks":550,"minecraft:fletching_table":7,"minecraft:cracked_stone_bricks":1,"minecraft:oak_slab":1,"minecraft:crafting_table":13,"minecraft:white_bed":12,"toolleveling:tool_leveling_table":1,"minecraft:spruce_log":65,"minecraft:oak_log":294,"minecraft:diamond_pickaxe":392,"minecraft:oxeye_daisy":1,"minecraft:iron_pickaxe":567,"minecraft:chiseled_stone_bricks":2,"minecraft:cobblestone":1084,"travelersbackpack:standard":9,"minecraft:cooked_porkchop":16,"minecraft:glass_pane":1,"quark:oak_chest":2,"biomesoplenty:fir_log":69,"gobber2:gobber2_excavator":521,"quark:magma_bricks":4,"minecraft:iron_shovel":71,"minecraft:shield":197,"minecraft:player_head":1,"minecraft:carrot":25,"minecraft:obsidian":15,"quark:limestone":14,"minecraft:glass":8,"minecraft:gray_concrete_powder":8,"minecraft:stone_bricks":2,"quark:smooth_basalt":11,"minecraft:hay_block":2,"cgm:heavy_rifle":181,"minecraft:stone_pickaxe":281,"minecraft:oak_planks":78,"minecraft:blue_bed":8,"minecraft:white_wool":11,"supertools:hammeriron":175,"gobber2:gobber2_ore":1,"quark:polished_marble_stairs":82,"waystones:waystone":15,"minecraft:bread":31,"minecraft:gravel":45,"minecraft:andesite":15,"minecraft:experience_bottle":1,"minecraft:oak_fence":75,"minecraft:flint_and_steel":128,"minecraft:spruce_planks":128,"minecraft:cooked_chicken":2,"minecraft:oak_door":1,"minecraft:dirt":1426,"cgm:workbench":1,"minecraft:granite":5,"minecraft:iron_hoe":95,"minecraft:stone_brick_slab":2,"minecraft:wooden_axe":24,"quark:spruce_chest":2,"gobber2:gobber2_sword":1076,"securitycraft:reinforced_glass":13,"minecraft:cooked_mutton":3,"minecraft:iron_ore":4,"minecraft:cobblestone_stairs":3,"securitycraft:reinforced_cobblestone":83,"mutantbeasts:mutant_skeleton_skull":1,"minecraft:cobblestone_slab":30,"minecraft:light_gray_concrete_powder":8,"minecraft:smoker":5,"minecraft:stone_axe":4,"minecraft:white_banner":1,"quark:polished_marble":6,"minecraft:bucket":94,"minecraft:yellow_bed":4,"securitycraft:reinforced_oak_stairs":37},"minecraft:crafted":{"minecraft:black_dye":8,"minecraft:light_gray_concrete_powder":8,"minecraft:smooth_stone":3,"quark:magma_bricks":4,"securitycraft:reinforced_oak_slab":30,"minecraft:bookshelf":3,"minecraft:gray_wool":7,"minecraft:cooked_mutton":3,"minecraft:glass":91,"mutantbeasts:mutant_skeleton_arms":1,"mutantbeasts:mutant_skeleton_boots":1,"gobber2:gobber2_ingot":72,"minecraft:emerald":59,"minecraft:cooked_porkchop":19,"gobber2:gobber2_hammer":1,"travelersbackpack:standard":2,"gobber2:gobber2_axe":1,"minecraft:spruce_door":3,"minecraft:smithing_table":1,"gobber2:gobber2_rod":12,"minecraft:fletching_table":1,"gobber2:gobber2_excavator":1,"minecraft:lectern":3,"quark:oak_chest":4,"minecraft:iron_pickaxe":13,"minecraft:iron_block":12,"minecraft:gold_ingot":48,"minecraft:light_gray_dye":1,"minecraft:composter":1,"gobber2:gobber2_medallion":1,"minecraft:iron_nugget":90,"minecraft:bone_meal":9,"travelersbackpack:blank_upgrade":4,"gobber2:gobber2_helmet":2,"gobber2:gobber2_glob":64,"travelersbackpack:white_sleeping_bag":1,"securitycraft:universal_block_remover":1,"minecraft:ladder":56,"gobber2:gobber2_boots":2,"minecraft:stone_pickaxe":4,"minecraft:redstone_block":12,"quark:spruce_chest":2,"toolleveling:tool_leveling_table":1,"minecraft:wheat":225,"minecraft:gray_concrete_powder":8,"minecraft:enchanted_book":3,"minecraft:oak_fence_gate":4,"minecraft:golden_apple":1,"minecraft:oak_stairs":40,"minecraft:wooden_axe":1,"minecraft:iron_shovel":1,"minecraft:iron_leggings":2,"minecraft:white_bed":3,"minecraft:oak_planks":1400,"minecraft:cobblestone_slab":30,"luckytntmod:tnt_x5":1,"gobber2:gobber2_leggings":2,"minecraft:cooked_chicken":2,"minecraft:stone":3,"gobber2:gobber2_chestplate":2,"securitycraft:laser_block":3,"supertools:hammeriron":1,"minecraft:iron_boots":2,"minecraft:oak_fence":75,"minecraft:smoker":1,"minecraft:oak_slab":24,"travelersbackpack:iron_tier_upgrade":1,"minecraft:crafting_table":2,"minecraft:spruce_planks":256,"minecraft:wooden_pickaxe":1,"minecraft:iron_helmet":2,"quark:polished_deepslate":764,"biomesoplenty:fir_planks":448,"minecraft:tnt":5,"minecraft:iron_chestplate":2,"minecraft:diamond_pickaxe":1,"minecraft:shield":5,"minecraft:stick":1716,"minecraft:iron_ingot":306,"mutantbeasts:mutant_skeleton_chestplate":1,"minecraft:shears":2,"gobber2:gobber2_medallion_hero":1,"securitycraft:universal_block_reinforcer_lvl1":3,"minecraft:redstone":18,"mining_dimension:teleporter":1,"minecraft:furnace":3,"minecraft:blast_furnace":1,"minecraft:gray_dye":8,"minecraft:glass_pane":16,"minecraft:oak_trapdoor":28,"minecraft:flint_and_steel":2,"minecraft:iron_axe":5,"minecraft:iron_hoe":2,"cgm:workbench":1,"minecraft:cooked_beef":16,"gobber2:gobber2_sword":2,"mutantbeasts:mutant_skeleton_leggings":1,"iceandfire:silver_ingot":1,"travelersbackpack:backpack_tank":4,"quark:polished_marble_stairs":80,"minecraft:bucket":2,"minecraft:stone_axe":1,"minecraft:bread":72,"minecraft:air":0,"gobber2:gobber2_staff_ensnarement":1,"minecraft:oak_boat":1,"minecraft:white_dye":6,"minecraft:anvil":1,"quark:polished_marble":256,"minecraft:torch":972,"mutantbeasts:mutant_skeleton_rib_cage":1}},"DataVersion":2586}