{"stats":{"minecraft:broken":{"minecraft:stone_pickaxe":2,"securitycraft:universal_block_reinforcer_lvl1":2,"minecraft:flint_and_steel":1,"minecraft:shield":3},"minecraft:custom":{"minecraft:animals_bred":5,"minecraft:interact_with_crafting_table":146,"minecraft:open_barrel":4,"minecraft:bell_ring":4,"minecraft:leave_game":4,"minecraft:time_since_death":4657,"minecraft:sprint_one_cm":1718083,"minecraft:damage_blocked_by_shield":8184,"minecraft:drop":859,"minecraft:talked_to_villager":94,"minecraft:deaths":16,"minecraft:jump":5373,"minecraft:interact_with_brewingstand":1,"minecraft:walk_on_water_one_cm":66856,"minecraft:interact_with_furnace":17,"minecraft:traded_with_villager":9,"minecraft:play_one_minute":605665,"minecraft:sleep_in_bed":32,"minecraft:waystone_activated":11,"minecraft:damage_dealt":70383,"minecraft:crouch_one_cm":54469,"minecraft:inspect_dispenser":1,"minecraft:interact_with_smoker":35,"minecraft:interact_with_smithing_table":4,"minecraft:interact_with_anvil":7,"minecraft:mob_kills":144,"minecraft:climb_one_cm":71463,"minecraft:walk_one_cm":1812250,"minecraft:sneak_time":20011,"minecraft:walk_under_water_one_cm":7511,"minecraft:interact_with_blast_furnace":124,"minecraft:time_since_rest":4469,"minecraft:damage_absorbed":120,"minecraft:damage_taken":9708,"minecraft:swim_one_cm":31391,"minecraft:fly_one_cm":1269871,"minecraft:open_chest":427,"minecraft:fall_one_cm":130620},"minecraft:picked_up":{"minecraft:iron_chestplate":2,"minecraft:wheat":84,"securitycraft:reinforced_oak_slab":7,"minecraft:anvil":1,"iceandfire:copper_ore":6,"minecraft:oak_stairs":4,"minecraft:wither_rose":3,"minecraft:enchanted_book":4,"minecraft:stone_brick_stairs":28,"minecraft:brewing_stand":1,"securitycraft:reinforced_oak_planks":608,"iceandfire:manuscript":17,"minecraft:string":13,"cgm:long_scope":1,"minecraft:iron_leggings":2,"minecraft:armor_stand":2,"securitycraft:reinforced_dirt":2,"minecraft:beetroot":4,"minecraft:gold_nugget":36,"minecraft:smooth_stone":21,"minecraft:spruce_planks":80,"minecraft:cobblestone_slab":1,"securitycraft:reinforced_oak_stairs":41,"quark:root_item":2,"cgm:advanced_bullet":192,"minecraft:iron_boots":3,"minecraft:furnace":1,"iceandfire:pixie_dust":1,"minecraft:stick":60,"iceandfire:ghost_chest":1,"mutantbeasts:mutant_skeleton_shoulder_pad":6,"minecraft:composter":3,"minecraft:oak_fence":79,"minecraft:torch":114,"iceandfire:silver_ore":6,"minecraft:spruce_stairs":6,"minecraft:porkchop":19,"quark:violet_crystal_cluster":5,"iceandfire:rotten_egg":1,"minecraft:diorite":245,"minecraft:rotten_flesh":64,"minecraft:iron_block":3,"minecraft:white_terracotta":17,"minecraft:obsidian":21,"minecraft:iron_bars":1,"quark:marble":263,"minecraft:cobblestone":8404,"mutantbeasts:mutant_skeleton_skull":2,"minecraft:feather":2,"mutantbeasts:mutant_skeleton_limb":16,"minecraft:andesite":469,"minecraft:smoker":4,"minecraft:potato":170,"minecraft:flint":70,"cgm:heavy_rifle":1,"gobber2:gobber2_ore":57,"minecraft:gray_concrete":8,"minecraft:lapis_lazuli":190,"minecraft:dirt":2405,"minecraft:bone":8,"gobber2:gobber2_gooey_beef":2,"minecraft:wheat_seeds":210,"luckytntmod:uranium_ore":8,"minecraft:mossy_stone_bricks":2,"minecraft:fletching_table":5,"minecraft:glowstone_dust":2,"minecraft:oak_planks":159,"quark:green_crystal_cluster":4,"gobber2:gobber2_gooey_bread":1,"iceandfire:podium_spruce":2,"minecraft:poisonous_potato":1,"minecraft:sand":184,"minecraft:stripped_spruce_log":1,"minecraft:ink_sac":8,"iceandfire:stymphalian_bird_feather":25,"minecraft:grass_block":1,"quark:polished_marble_stairs":4,"minecraft:mossy_cobblestone":32,"quark:cobbled_deepslate":3016,"minecraft:light_gray_concrete":8,"minecraft:polished_andesite":16,"minecraft:dispenser":1,"minecraft:diamond":39,"iceandfire:lectern":2,"waystones:waystone":9,"mutantbeasts:mutant_skeleton_pelvis":2,"minecraft:granite":368,"minecraft:oak_sapling":95,"minecraft:bricks":2,"iceandfire:silver_nugget":20,"gobber2:gobber2_goo":2,"iceandfire:copper_ingot":4,"minecraft:crafting_table":12,"minecraft:azure_bluet":2,"minecraft:chicken":2,"minecraft:ladder":1,"minecraft:clay_ball":20,"minecraft:shield":1,"minecraft:cornflower":5,"minecraft:oak_trapdoor":7,"minecraft:cracked_stone_bricks":3,"iceandfire:graveyard_soil":1,"iceandfire:bestiary":2,"minecraft:beef":29,"minecraft:cyan_wool":2,"minecraft:lectern":26,"minecraft:observer":1,"minecraft:spruce_slab":2,"minecraft:poppy":3,"iceandfire:dragonbone":1,"supernatural:iron_haunted_helmet":1,"securitycraft:reinforced_cobblestone":124,"minecraft:oak_door":6,"minecraft:cookie":1,"quark:green_crystal":4,"minecraft:carrot":184,"minecraft:redstone":380,"iceandfire:silver_ingot":1,"minecraft:arrow":4,"quark:violet_crystal":3,"mutantbeasts:mutant_skeleton_rib":12,"minecraft:beetroot_seeds":13,"quark:smooth_basalt":110,"minecraft:hay_block":21,"everlastingabilities:ability_bottle":1,"quark:polished_deepslate":145,"minecraft:mutton":3,"minecraft:skeleton_skull":1,"minecraft:white_wool":35,"minecraft:oxeye_daisy":2,"minecraft:leather":16,"minecraft:oak_log":369,"iceandfire:ectoplasm":3,"minecraft:yellow_bed":11,"minecraft:cobblestone_wall":2,"minecraft:gunpowder":53,"minecraft:cobblestone_stairs":19,"quark:limestone":14,"minecraft:blue_bed":8,"minecraft:apple":15,"minecraft:stone_bricks":17,"iceandfire:pixie_jar_empty":1,"minecraft:iron_ingot":6,"minecraft:oak_fence_gate":13,"quark:tallow":14,"minecraft:iron_ore":293,"minecraft:stripped_oak_wood":1,"minecraft:book":36,"minecraft:oak_slab":1,"minecraft:emerald_block":1,"iceandfire:copper_nugget":28,"minecraft:sweet_berries":20,"minecraft:chiseled_stone_bricks":7,"minecraft:stone_brick_slab":2,"minecraft:dandelion":1,"minecraft:gravel":416,"cgm:specialised_grip":1,"minecraft:blast_furnace":5,"minecraft:white_bed":14,"minecraft:spruce_log":64,"minecraft:gold_ore":32,"quark:oak_chest":1,"minecraft:spider_eye":2,"minecraft:spruce_door":2,"minecraft:purple_bed":1,"minecraft:slime_ball":9,"minecraft:iron_helmet":1,"minecraft:coal":451,"gobber2:gobber2_goo_nether":1,"minecraft:ender_pearl":2},"minecraft:dropped":{"minecraft:gold_ore":2,"minecraft:lapis_lazuli":190,"minecraft:cooked_beef":16,"minecraft:oak_log":10,"minecraft:crafting_table":1,"quark:polished_deepslate":3,"minecraft:cooked_porkchop":3,"quark:marble":2,"relics:ice_skates":2,"minecraft:cookie":1,"minecraft:leather":5,"minecraft:cracked_stone_bricks":2,"iceandfire:ectoplasm":3,"everlastingabilities:ability_totem":1,"relics:squire_bag":1,"iceandfire:graveyard_soil":1,"minecraft:cobblestone_stairs":16,"minecraft:flint":56,"iceandfire:copper_ingot":4,"minecraft:dirt":861,"minecraft:gray_concrete":8,"luckytntmod:uranium_ore":5,"gobber2:gobber2_goo_nether":1,"iceandfire:pixie_jar_empty":1,"minecraft:dispenser":1,"minecraft:cornflower":5,"quark:cobbled_deepslate":2151,"minecraft:gold_nugget":18,"minecraft:bone_meal":3,"quark:violet_crystal":3,"gobber2:gobber2_goo":2,"securitycraft:reinforced_dirt":2,"minecraft:iron_pickaxe":1,"minecraft:stripped_oak_wood":1,"minecraft:white_wool":2,"gobber2:gobber2_gooey_bread":1,"quark:oak_chest":1,"minecraft:bone":5,"minecraft:armor_stand":1,"minecraft:oak_door":5,"minecraft:gravel":343,"iceandfire:stymphalian_bird_feather":25,"supernatural:iron_haunted_helmet":1,"quark:tallow":8,"minecraft:stone_axe":1,"quark:root_item":2,"quark:green_crystal":4,"minecraft:obsidian":3,"mutantbeasts:mutant_skeleton_shoulder_pad":4,"minecraft:wheat":61,"minecraft:beetroot":4,"mutantbeasts:mutant_skeleton_limb":8,"minecraft:rotten_flesh":64,"minecraft:oak_planks":40,"minecraft:glowstone_dust":2,"minecraft:azure_bluet":1,"minecraft:white_bed":5,"iceandfire:copper_ore":6,"minecraft:carrot":159,"minecraft:chiseled_stone_bricks":5,"minecraft:poppy":3,"minecraft:oak_fence_gate":11,"securitycraft:reinforced_oak_planks":21,"iceandfire:ghost_chest":1,"minecraft:gunpowder":13,"gobber2:gobber2_ore":6,"minecraft:beetroot_seeds":13,"iceandfire:bestiary":2,"securitycraft:reinforced_oak_slab":6,"minecraft:spruce_slab":1,"minecraft:iron_ore":11,"minecraft:arrow":4,"minecraft:beef":13,"minecraft:stone_brick_stairs":28,"iceandfire:manuscript":17,"minecraft:enchanted_book":2,"minecraft:bread":44,"minecraft:stripped_spruce_log":1,"minecraft:oak_slab":5,"minecraft:wheat_seeds":180,"minecraft:mossy_cobblestone":32,"minecraft:poisonous_potato":1,"minecraft:oak_fence":79,"minecraft:feather":2,"minecraft:iron_helmet":2,"minecraft:cobblestone":7026,"minecraft:observer":1,"supertools:hammeriron":1,"minecraft:apple":20,"minecraft:granite":363,"minecraft:spruce_door":3,"minecraft:spruce_stairs":6,"minecraft:grass_block":1,"mutantbeasts:mutant_skeleton_pelvis":1,"minecraft:coal":48,"minecraft:polished_andesite":16,"minecraft:stick":61,"minecraft:oxeye_daisy":1,"iceandfire:podium_spruce":2,"minecraft:diorite":242,"iceandfire:copper_nugget":28,"minecraft:torch":1,"minecraft:wooden_axe":1,"mutantbeasts:mutant_skeleton_rib":6,"minecraft:iron_leggings":2,"minecraft:oak_stairs":4,"minecraft:wither_rose":3,"quark:green_crystal_cluster":4,"minecraft:iron_axe":5,"minecraft:smooth_stone":11,"minecraft:iron_shovel":1,"minecraft:string":3,"minecraft:redstone":272,"minecraft:dandelion":1,"iceandfire:dragonbone":1,"iceandfire:silver_nugget":11,"minecraft:bricks":2,"minecraft:sweet_berries":8,"minecraft:oak_trapdoor":1,"minecraft:cobblestone_wall":2,"minecraft:composter":3,"gobber2:gobber2_gooey_beef":2,"quark:violet_crystal_cluster":5,"minecraft:clay_ball":20,"minecraft:iron_boots":4,"iceandfire:silver_ore":6,"minecraft:iron_hoe":1,"securitycraft:reinforced_cobblestone":41,"minecraft:white_terracotta":17,"minecraft:filled_map":1,"quark:smooth_basalt":99,"minecraft:cobblestone_slab":1,"minecraft:potato":81,"minecraft:cyan_wool":2,"minecraft:shield":2,"minecraft:mossy_stone_bricks":1,"minecraft:spruce_planks":70,"minecraft:iron_chestplate":2,"iceandfire:silver_ingot":2,"minecraft:andesite":454,"minecraft:purple_bed":1,"minecraft:yellow_bed":7,"minecraft:oak_sapling":82,"iceandfire:lectern":2,"minecraft:stone_bricks":12,"minecraft:spider_eye":2,"minecraft:slime_ball":2,"minecraft:stone_pickaxe":1,"minecraft:wooden_pickaxe":1},"minecraft:mined":{"minecraft:spruce_planks":77,"minecraft:white_bed":13,"minecraft:farmland":13,"iceandfire:copper_pile":2,"minecraft:cobblestone_stairs":8,"minecraft:brewing_stand":1,"minecraft:obsidian":6,"minecraft:granite":35,"minecraft:grass_block":188,"gobber2:gobber2_lucky_block":1,"iceandfire:lectern":1,"minecraft:composter":2,"minecraft:chiseled_stone_bricks":3,"minecraft:oxeye_daisy":1,"minecraft:red_stained_glass_pane":1,"minecraft:spawner":1,"minecraft:smooth_stone":17,"minecraft:tall_seagrass":1,"gobber2:gobber2_ore":24,"minecraft:glowstone":1,"minecraft:iron_ore":162,"quark:violet_crystal_cluster":1,"minecraft:fire":37,"minecraft:anvil":1,"minecraft:fletching_table":5,"minecraft:azure_bluet":2,"iceandfire:gold_pile":3,"minecraft:iron_bars":1,"minecraft:oak_stairs":2,"quark:limestone":14,"minecraft:light_gray_concrete":3,"minecraft:iron_block":3,"minecraft:spruce_slab":1,"dead_guys_untitled_deep_dark_:cold_sculk":20,"minecraft:quartz_block":1,"minecraft:smoker":4,"minecraft:clay":5,"minecraft:torch":28,"minecraft:blast_furnace":5,"minecraft:poppy":1,"quark:stone_speleothem":1,"iceandfire:ghost_chest":1,"minecraft:cobblestone":193,"minecraft:oak_planks":79,"minecraft:bricks":1,"minecraft:wall_torch":40,"minecraft:cyan_wool":2,"minecraft:skeleton_skull":1,"minecraft:white_terracotta":4,"minecraft:seagrass":14,"quark:marble":112,"minecraft:wheat":63,"minecraft:stripped_oak_wood":1,"minecraft:stone_brick_stairs":10,"minecraft:wither_rose":1,"minecraft:grass":180,"minecraft:oak_log":364,"minecraft:beetroots":4,"minecraft:oak_fence_gate":9,"minecraft:sand":52,"minecraft:dirt":368,"minecraft:emerald_block":1,"minecraft:oak_leaves":36,"biomesoplenty:reed":40,"quark:green_crystal":3,"minecraft:diamond_ore":19,"biomesoplenty:watergrass":69,"minecraft:mossy_cobblestone":13,"minecraft:oak_door":2,"quark:cobbled_deepslate":3,"minecraft:spruce_leaves":5,"minecraft:large_fern":1,"minecraft:hay_block":21,"minecraft:black_stained_glass_pane":1,"minecraft:redstone_ore":17,"minecraft:oak_trapdoor":7,"minecraft:furnace":1,"minecraft:carrots":37,"iceandfire:copper_ore":4,"quark:violet_crystal":3,"minecraft:andesite":46,"minecraft:stripped_spruce_log":1,"quark:smooth_basalt":34,"minecraft:bookshelf":12,"minecraft:cobblestone_slab":1,"minecraft:potatoes":86,"minecraft:vine":1,"minecraft:stripped_oak_log":2,"minecraft:stone":1737,"iceandfire:podium_spruce":1,"minecraft:white_wool":11,"iceandfire:pixie_jar_empty":1,"minecraft:podzol":1,"minecraft:oak_slab":1,"minecraft:gray_concrete":3,"minecraft:glass_pane":17,"quark:polished_deepslate":60,"quark:oak_chest":3,"minecraft:stone_brick_slab":2,"minecraft:spruce_door":2,"minecraft:oak_fence":80,"minecraft:crafting_table":11,"minecraft:lectern":26,"minecraft:tall_grass":61,"minecraft:lapis_ore":11,"minecraft:diorite":29,"minecraft:blue_bed":8,"minecraft:spruce_stairs":3,"minecraft:purple_bed":1,"quark:green_crystal_cluster":2,"minecraft:sweet_berry_bush":9,"minecraft:spruce_log":65,"quark:polished_marble_stairs":4,"minecraft:grass_path":34,"minecraft:yellow_bed":8,"quark:deepslate":1171,"new_xp_ore:xp_ore":5,"minecraft:coal_ore":187,"iceandfire:silver_pile":3,"minecraft:gravel":127,"minecraft:cracked_stone_bricks":3,"minecraft:polished_andesite":8,"minecraft:stone_bricks":14,"minecraft:mossy_stone_bricks":2,"minecraft:gold_ore":15,"luckytntmod:uranium_ore":4,"minecraft:fern":1,"luckytntmod:gunpowder_ore":13,"quark:root":2},"minecraft:killed_by":{"minecraft:zombie":7,"minecraft:enderman":1,"mutantbeasts:mutant_skeleton":2,"minecraft:slime":2,"minecraft:skeleton":2},"minecraft:killed":{"minecraft:spider":7,"iceandfire:stymphalian_bird":3,"minecraft:skeleton":12,"minecraft:chicken":2,"minecraft:parrot":3,"minecraft:pig":8,"minecraft:zombie_villager":1,"minecraft:creeper":2,"minecraft:sheep":2,"minecraft:pillager":6,"minecraft:zombie":46,"iceandfire:pixie":8,"minecraft:cow":13,"supernatural:possessed_armor":1,"minecraft:slime":15,"minecraft:horse":2,"minecraft:squid":4,"mutantbeasts:mutant_skeleton":2,"minecraft:enderman":2},"minecraft:used":{"minecraft:iron_shovel":71,"quark:cobbled_deepslate":97,"minecraft:spruce_slab":1,"minecraft:ladder":55,"minecraft:shield":185,"minecraft:carrot":25,"minecraft:obsidian":15,"quark:limestone":14,"minecraft:glass":4,"minecraft:gray_concrete_powder":8,"gobber2:gobber2_hammer":1540,"minecraft:stone_bricks":2,"quark:smooth_basalt":11,"minecraft:hay_block":1,"minecraft:sweet_berries":12,"minecraft:oak_sapling":1,"minecraft:furnace":2,"quark:polished_deepslate":871,"minecraft:potato":94,"cgm:heavy_rifle":66,"minecraft:mossy_stone_bricks":1,"minecraft:diorite":3,"minecraft:spruce_door":2,"luckytntmod:uranium_ore":3,"minecraft:stone_pickaxe":281,"minecraft:oak_planks":78,"minecraft:blue_bed":8,"minecraft:wooden_pickaxe":10,"minecraft:composter":1,"minecraft:white_wool":11,"minecraft:golden_apple":1,"supertools:hammeriron":175,"minecraft:sand":4,"gobber2:gobber2_ore":1,"minecraft:blast_furnace":6,"quark:marble":4,"securitycraft:universal_block_remover":56,"securitycraft:reinforced_oak_slab":31,"quark:polished_marble_stairs":82,"waystones:waystone":9,"minecraft:bread":25,"gobber2:gobber2_axe":760,"minecraft:lectern":27,"minecraft:gravel":45,"minecraft:smithing_table":1,"minecraft:andesite":15,"mining_dimension:teleporter":1,"minecraft:experience_bottle":1,"minecraft:oak_fence":75,"minecraft:oak_trapdoor":25,"minecraft:iron_bars":1,"minecraft:flint_and_steel":92,"minecraft:armor_stand":1,"minecraft:spruce_planks":128,"minecraft:cooked_chicken":2,"minecraft:oak_door":1,"minecraft:torch":654,"minecraft:brewing_stand":1,"minecraft:dirt":1299,"minecraft:anvil":2,"cgm:workbench":1,"minecraft:granite":5,"minecraft:oak_fence_gate":6,"minecraft:iron_hoe":89,"minecraft:stone_brick_slab":2,"minecraft:wooden_axe":24,"quark:spruce_chest":2,"minecraft:iron_axe":393,"gobber2:gobber2_staff_ensnarement":11,"gobber2:gobber2_sword":495,"minecraft:wheat_seeds":30,"minecraft:cooked_mutton":3,"minecraft:water_bucket":88,"minecraft:iron_ore":4,"securitycraft:reinforced_oak_planks":548,"minecraft:cobblestone_stairs":3,"securitycraft:reinforced_cobblestone":83,"mutantbeasts:mutant_skeleton_skull":1,"minecraft:fletching_table":6,"minecraft:cobblestone_slab":30,"minecraft:cracked_stone_bricks":1,"minecraft:oak_slab":1,"minecraft:crafting_table":13,"minecraft:white_bed":12,"minecraft:light_gray_concrete_powder":8,"toolleveling:tool_leveling_table":1,"minecraft:spruce_log":65,"minecraft:smoker":5,"minecraft:oak_log":294,"minecraft:diamond_pickaxe":375,"minecraft:oxeye_daisy":1,"minecraft:iron_pickaxe":567,"minecraft:stone_axe":4,"minecraft:chiseled_stone_bricks":1,"minecraft:cobblestone":924,"travelersbackpack:standard":6,"minecraft:cooked_porkchop":16,"quark:polished_marble":6,"minecraft:bucket":90,"minecraft:glass_pane":1,"minecraft:yellow_bed":4,"quark:oak_chest":2,"securitycraft:reinforced_oak_stairs":37,"gobber2:gobber2_excavator":490},"minecraft:crafted":{"minecraft:light_gray_concrete_powder":8,"minecraft:black_dye":8,"minecraft:smooth_stone":3,"minecraft:oak_planks":1400,"minecraft:cobblestone_slab":30,"luckytntmod:tnt_x5":1,"gobber2:gobber2_leggings":1,"minecraft:cooked_chicken":2,"minecraft:stone":3,"gobber2:gobber2_chestplate":1,"minecraft:bookshelf":3,"securitycraft:reinforced_oak_slab":30,"minecraft:gray_wool":7,"minecraft:cooked_mutton":3,"securitycraft:laser_block":3,"minecraft:glass":91,"supertools:hammeriron":1,"minecraft:iron_boots":1,"mutantbeasts:mutant_skeleton_arms":1,"mutantbeasts:mutant_skeleton_boots":1,"minecraft:oak_fence":75,"minecraft:smoker":1,"minecraft:oak_slab":24,"travelersbackpack:iron_tier_upgrade":1,"minecraft:emerald":16,"gobber2:gobber2_ingot":69,"minecraft:cooked_porkchop":19,"minecraft:crafting_table":2,"minecraft:spruce_planks":256,"travelersbackpack:standard":2,"gobber2:gobber2_axe":1,"gobber2:gobber2_hammer":1,"minecraft:wooden_pickaxe":1,"minecraft:iron_helmet":1,"minecraft:spruce_door":3,"minecraft:smithing_table":1,"gobber2:gobber2_rod":10,"minecraft:fletching_table":1,"quark:polished_deepslate":764,"minecraft:tnt":5,"gobber2:gobber2_excavator":1,"minecraft:lectern":3,"minecraft:iron_chestplate":1,"minecraft:diamond_pickaxe":1,"minecraft:shield":5,"minecraft:stick":672,"quark:oak_chest":4,"minecraft:iron_ingot":278,"minecraft:iron_pickaxe":13,"minecraft:iron_block":7,"minecraft:gold_ingot":32,"minecraft:light_gray_dye":1,"mutantbeasts:mutant_skeleton_chestplate":1,"minecraft:composter":1,"gobber2:gobber2_medallion_hero":1,"minecraft:shears":2,"gobber2:gobber2_medallion":1,"securitycraft:universal_block_reinforcer_lvl1":3,"minecraft:redstone":18,"minecraft:iron_nugget":63,"mining_dimension:teleporter":1,"minecraft:furnace":3,"minecraft:blast_furnace":1,"minecraft:gray_dye":8,"minecraft:bone_meal":9,"travelersbackpack:blank_upgrade":4,"minecraft:glass_pane":16,"minecraft:oak_trapdoor":26,"minecraft:flint_and_steel":2,"gobber2:gobber2_helmet":1,"gobber2:gobber2_glob":50,"travelersbackpack:white_sleeping_bag":1,"minecraft:iron_axe":5,"minecraft:ladder":56,"securitycraft:universal_block_remover":1,"minecraft:iron_hoe":1,"gobber2:gobber2_boots":1,"minecraft:stone_pickaxe":4,"minecraft:redstone_block":12,"quark:spruce_chest":2,"cgm:workbench":1,"toolleveling:tool_leveling_table":1,"minecraft:wheat":180,"minecraft:cooked_beef":16,"gobber2:gobber2_sword":1,"mutantbeasts:mutant_skeleton_leggings":1,"iceandfire:silver_ingot":1,"travelersbackpack:backpack_tank":4,"minecraft:gray_concrete_powder":8,"quark:polished_marble_stairs":80,"minecraft:bucket":2,"minecraft:stone_axe":1,"minecraft:enchanted_book":2,"minecraft:bread":57,"minecraft:air":0,"gobber2:gobber2_staff_ensnarement":1,"minecraft:oak_fence_gate":4,"minecraft:golden_apple":1,"minecraft:white_dye":6,"minecraft:oak_stairs":40,"minecraft:wooden_axe":1,"minecraft:iron_shovel":1,"minecraft:iron_leggings":1,"minecraft:anvil":1,"minecraft:white_bed":3,"quark:polished_marble":196,"minecraft:torch":604,"mutantbeasts:mutant_skeleton_rib_cage":1}},"DataVersion":2586}