{"stats":{"minecraft:picked_up":{"minecraft:iron_chestplate":2,"securitycraft:reinforced_oak_slab":7,"minecraft:wheat":21,"minecraft:anvil":1,"iceandfire:copper_ore":4,"minecraft:oak_stairs":4,"minecraft:enchanted_book":3,"minecraft:wither_rose":3,"minecraft:stone_brick_stairs":28,"minecraft:brewing_stand":1,"securitycraft:reinforced_oak_planks":461,"iceandfire:manuscript":17,"minecraft:string":3,"minecraft:iron_leggings":2,"minecraft:armor_stand":2,"securitycraft:reinforced_dirt":2,"minecraft:beetroot":2,"minecraft:smooth_stone":8,"minecraft:gold_nugget":36,"minecraft:spruce_planks":24,"securitycraft:reinforced_oak_stairs":40,"quark:root_item":2,"minecraft:furnace":1,"minecraft:iron_boots":3,"minecraft:stick":43,"iceandfire:ghost_chest":1,"minecraft:composter":1,"minecraft:oak_fence":37,"minecraft:torch":65,"minecraft:spruce_stairs":6,"iceandfire:silver_ore":6,"minecraft:porkchop":19,"quark:violet_crystal_cluster":5,"iceandfire:rotten_egg":1,"minecraft:diorite":182,"minecraft:rotten_flesh":25,"minecraft:white_terracotta":17,"minecraft:iron_bars":1,"minecraft:cobblestone":4631,"minecraft:feather":2,"minecraft:andesite":194,"minecraft:smoker":4,"minecraft:potato":18,"minecraft:flint":58,"gobber2:gobber2_ore":43,"minecraft:lapis_lazuli":96,"minecraft:dirt":1507,"minecraft:bone":5,"gobber2:gobber2_gooey_beef":1,"minecraft:wheat_seeds":75,"luckytntmod:uranium_ore":8,"minecraft:fletching_table":2,"minecraft:glowstone_dust":2,"minecraft:mossy_stone_bricks":1,"quark:green_crystal_cluster":4,"minecraft:oak_planks":146,"iceandfire:podium_spruce":2,"minecraft:sand":27,"minecraft:stripped_spruce_log":1,"minecraft:grass_block":1,"minecraft:mossy_cobblestone":17,"quark:cobbled_deepslate":3011,"minecraft:polished_andesite":16,"minecraft:dispenser":1,"minecraft:diamond":29,"iceandfire:lectern":2,"waystones:waystone":6,"minecraft:granite":34,"minecraft:bricks":2,"minecraft:oak_sapling":64,"iceandfire:silver_nugget":20,"gobber2:gobber2_goo":1,"minecraft:crafting_table":11,"minecraft:chicken":2,"minecraft:ladder":1,"minecraft:clay_ball":20,"minecraft:shield":1,"minecraft:cornflower":5,"minecraft:oak_trapdoor":2,"iceandfire:graveyard_soil":1,"iceandfire:bestiary":2,"minecraft:beef":16,"minecraft:observer":1,"minecraft:poppy":1,"iceandfire:dragonbone":1,"securitycraft:reinforced_cobblestone":113,"supernatural:iron_haunted_helmet":1,"minecraft:oak_door":4,"quark:green_crystal":4,"minecraft:carrot":37,"minecraft:redstone":265,"iceandfire:silver_ingot":1,"minecraft:arrow":3,"quark:violet_crystal":3,"minecraft:beetroot_seeds":7,"quark:smooth_basalt":110,"minecraft:hay_block":20,"everlastingabilities:ability_bottle":1,"quark:polished_deepslate":76,"minecraft:mutton":3,"minecraft:skeleton_skull":1,"minecraft:white_wool":24,"minecraft:oxeye_daisy":2,"minecraft:leather":9,"minecraft:oak_log":259,"iceandfire:ectoplasm":3,"minecraft:yellow_bed":10,"minecraft:cobblestone_wall":2,"minecraft:gunpowder":53,"minecraft:cobblestone_stairs":13,"quark:limestone":14,"minecraft:blue_bed":8,"minecraft:apple":10,"minecraft:stone_bricks":5,"iceandfire:pixie_jar_empty":1,"minecraft:iron_ingot":4,"minecraft:oak_fence_gate":10,"quark:tallow":14,"minecraft:iron_ore":213,"minecraft:book":15,"minecraft:oak_slab":1,"iceandfire:copper_nugget":28,"minecraft:sweet_berries":20,"minecraft:chiseled_stone_bricks":4,"minecraft:dandelion":1,"minecraft:gravel":278,"minecraft:blast_furnace":5,"minecraft:white_bed":11,"minecraft:spruce_log":64,"minecraft:gold_ore":32,"minecraft:spider_eye":2,"quark:oak_chest":1,"minecraft:purple_bed":1,"minecraft:iron_helmet":1,"gobber2:gobber2_goo_nether":1,"minecraft:coal":357,"minecraft:ender_pearl":1},"minecraft:mined":{"minecraft:white_bed":10,"minecraft:spruce_planks":19,"minecraft:farmland":7,"iceandfire:copper_pile":2,"minecraft:cobblestone_stairs":4,"minecraft:brewing_stand":1,"minecraft:granite":2,"minecraft:grass_block":111,"gobber2:gobber2_lucky_block":1,"iceandfire:lectern":1,"minecraft:composter":1,"minecraft:oxeye_daisy":1,"minecraft:red_stained_glass_pane":1,"minecraft:spawner":1,"minecraft:smooth_stone":4,"minecraft:tall_seagrass":1,"gobber2:gobber2_ore":23,"minecraft:glowstone":1,"minecraft:iron_ore":147,"minecraft:fire":32,"quark:violet_crystal_cluster":1,"minecraft:fletching_table":2,"minecraft:anvil":1,"iceandfire:gold_pile":3,"minecraft:oak_stairs":2,"minecraft:iron_bars":1,"quark:limestone":14,"dead_guys_untitled_deep_dark_:cold_sculk":20,"minecraft:smoker":4,"minecraft:clay":5,"minecraft:torch":18,"minecraft:blast_furnace":5,"minecraft:poppy":1,"quark:stone_speleothem":1,"iceandfire:ghost_chest":1,"minecraft:cobblestone":108,"minecraft:bricks":1,"minecraft:oak_planks":67,"minecraft:wall_torch":22,"minecraft:white_terracotta":4,"minecraft:skeleton_skull":1,"minecraft:seagrass":14,"minecraft:wheat":16,"minecraft:stone_brick_stairs":10,"minecraft:wither_rose":1,"minecraft:grass":110,"minecraft:oak_log":254,"minecraft:beetroots":2,"minecraft:oak_fence_gate":6,"minecraft:sand":28,"minecraft:dirt":279,"minecraft:oak_leaves":35,"biomesoplenty:reed":40,"quark:green_crystal":3,"minecraft:diamond_ore":17,"biomesoplenty:watergrass":69,"minecraft:mossy_cobblestone":9,"minecraft:oak_door":2,"quark:cobbled_deepslate":3,"minecraft:spruce_leaves":5,"minecraft:large_fern":1,"minecraft:hay_block":20,"minecraft:black_stained_glass_pane":1,"minecraft:redstone_ore":13,"minecraft:oak_trapdoor":2,"minecraft:furnace":1,"minecraft:carrots":9,"iceandfire:copper_ore":3,"quark:violet_crystal":3,"minecraft:andesite":21,"minecraft:stripped_spruce_log":1,"quark:smooth_basalt":34,"minecraft:bookshelf":5,"minecraft:potatoes":5,"minecraft:vine":1,"minecraft:stripped_oak_log":1,"minecraft:stone":1282,"iceandfire:podium_spruce":1,"iceandfire:pixie_jar_empty":1,"minecraft:podzol":1,"minecraft:oak_slab":1,"minecraft:glass_pane":8,"quark:polished_deepslate":39,"quark:oak_chest":2,"minecraft:oak_fence":37,"minecraft:crafting_table":10,"minecraft:tall_grass":49,"minecraft:lapis_ore":7,"minecraft:diorite":21,"minecraft:blue_bed":8,"minecraft:spruce_stairs":3,"minecraft:purple_bed":1,"quark:green_crystal_cluster":2,"minecraft:sweet_berry_bush":9,"minecraft:spruce_log":65,"minecraft:yellow_bed":7,"quark:deepslate":1171,"minecraft:grass_path":19,"new_xp_ore:xp_ore":4,"minecraft:coal_ore":173,"iceandfire:silver_pile":3,"minecraft:gravel":94,"minecraft:polished_andesite":8,"minecraft:stone_bricks":1,"minecraft:mossy_stone_bricks":1,"minecraft:gold_ore":15,"luckytntmod:gunpowder_ore":13,"minecraft:fern":1,"luckytntmod:uranium_ore":4,"quark:root":2},"minecraft:broken":{"minecraft:stone_pickaxe":2,"securitycraft:universal_block_reinforcer_lvl1":2},"minecraft:dropped":{"minecraft:gold_ore":2,"minecraft:lapis_lazuli":96,"minecraft:cooked_beef":16,"minecraft:oak_log":10,"minecraft:crafting_table":1,"quark:polished_deepslate":2,"minecraft:cooked_porkchop":3,"relics:ice_skates":2,"minecraft:leather":5,"iceandfire:ectoplasm":3,"everlastingabilities:ability_totem":1,"relics:squire_bag":1,"minecraft:flint":44,"iceandfire:graveyard_soil":1,"minecraft:cobblestone_stairs":10,"minecraft:dirt":812,"luckytntmod:uranium_ore":5,"gobber2:gobber2_goo_nether":1,"iceandfire:pixie_jar_empty":1,"minecraft:dispenser":1,"minecraft:cornflower":5,"quark:cobbled_deepslate":2146,"minecraft:gold_nugget":18,"quark:violet_crystal":3,"minecraft:bone_meal":3,"gobber2:gobber2_goo":1,"securitycraft:reinforced_dirt":2,"minecraft:iron_pickaxe":1,"minecraft:white_wool":2,"quark:oak_chest":1,"minecraft:armor_stand":1,"minecraft:bone":4,"minecraft:oak_door":3,"minecraft:gravel":233,"supernatural:iron_haunted_helmet":1,"quark:tallow":8,"minecraft:stone_axe":1,"quark:root_item":2,"quark:green_crystal":4,"minecraft:wheat":26,"minecraft:beetroot":2,"minecraft:rotten_flesh":25,"minecraft:oak_planks":35,"minecraft:glowstone_dust":2,"minecraft:white_bed":2,"iceandfire:copper_ore":4,"minecraft:carrot":37,"minecraft:chiseled_stone_bricks":4,"minecraft:poppy":1,"minecraft:oak_fence_gate":8,"securitycraft:reinforced_oak_planks":1,"iceandfire:ghost_chest":1,"minecraft:gunpowder":13,"gobber2:gobber2_ore":2,"minecraft:beetroot_seeds":7,"iceandfire:bestiary":2,"securitycraft:reinforced_oak_slab":6,"minecraft:arrow":3,"minecraft:stone_brick_stairs":28,"iceandfire:manuscript":17,"minecraft:enchanted_book":1,"minecraft:bread":44,"minecraft:stripped_spruce_log":1,"minecraft:oak_slab":5,"minecraft:wheat_seeds":75,"minecraft:mossy_cobblestone":17,"minecraft:oak_fence":37,"minecraft:iron_helmet":2,"minecraft:feather":2,"minecraft:cobblestone":3936,"minecraft:observer":1,"supertools:hammeriron":1,"minecraft:apple":15,"minecraft:granite":34,"minecraft:spruce_door":1,"minecraft:spruce_stairs":6,"minecraft:grass_block":1,"minecraft:coal":35,"minecraft:polished_andesite":16,"minecraft:stick":54,"minecraft:oxeye_daisy":1,"iceandfire:podium_spruce":2,"minecraft:diorite":179,"iceandfire:copper_nugget":28,"minecraft:torch":1,"minecraft:wooden_axe":1,"minecraft:iron_leggings":2,"minecraft:oak_stairs":4,"minecraft:wither_rose":3,"quark:green_crystal_cluster":4,"minecraft:iron_axe":5,"minecraft:iron_shovel":1,"minecraft:string":3,"minecraft:dandelion":1,"minecraft:redstone":157,"iceandfire:dragonbone":1,"iceandfire:silver_nugget":11,"minecraft:bricks":2,"minecraft:sweet_berries":8,"minecraft:oak_trapdoor":1,"minecraft:cobblestone_wall":2,"minecraft:composter":1,"gobber2:gobber2_gooey_beef":1,"quark:violet_crystal_cluster":5,"minecraft:clay_ball":20,"iceandfire:silver_ore":6,"minecraft:iron_boots":4,"minecraft:iron_hoe":1,"minecraft:white_terracotta":17,"quark:smooth_basalt":99,"minecraft:potato":5,"minecraft:shield":2,"minecraft:spruce_planks":15,"minecraft:iron_chestplate":2,"minecraft:yellow_bed":6,"minecraft:andesite":180,"minecraft:purple_bed":1,"iceandfire:silver_ingot":2,"minecraft:oak_sapling":51,"minecraft:stone_bricks":4,"iceandfire:lectern":2,"minecraft:spider_eye":2,"minecraft:stone_pickaxe":1,"minecraft:wooden_pickaxe":1},"minecraft:killed":{"minecraft:spider":5,"minecraft:skeleton":6,"minecraft:chicken":2,"minecraft:pig":8,"minecraft:creeper":1,"minecraft:sheep":2,"minecraft:zombie":24,"minecraft:cow":7,"supernatural:possessed_armor":1,"minecraft:enderman":1},"minecraft:used":{"minecraft:iron_shovel":71,"quark:cobbled_deepslate":97,"minecraft:ladder":55,"minecraft:shield":39,"quark:limestone":14,"minecraft:glass":4,"gobber2:gobber2_hammer":899,"minecraft:stone_bricks":1,"quark:smooth_basalt":11,"minecraft:sweet_berries":12,"minecraft:oak_sapling":1,"minecraft:furnace":2,"quark:polished_deepslate":582,"minecraft:potato":18,"minecraft:mossy_stone_bricks":1,"minecraft:diorite":3,"minecraft:spruce_door":2,"luckytntmod:uranium_ore":3,"minecraft:stone_pickaxe":281,"minecraft:oak_planks":71,"minecraft:wooden_pickaxe":10,"minecraft:blue_bed":8,"minecraft:composter":1,"supertools:hammeriron":175,"gobber2:gobber2_ore":1,"minecraft:blast_furnace":6,"securitycraft:universal_block_remover":35,"securitycraft:reinforced_oak_slab":31,"waystones:waystone":4,"minecraft:bread":25,"gobber2:gobber2_axe":318,"minecraft:gravel":45,"minecraft:andesite":14,"mining_dimension:teleporter":1,"minecraft:oak_fence":75,"minecraft:oak_trapdoor":5,"minecraft:iron_bars":1,"minecraft:flint_and_steel":45,"minecraft:armor_stand":1,"minecraft:spruce_planks":127,"minecraft:cooked_chicken":2,"minecraft:oak_door":1,"minecraft:torch":395,"minecraft:brewing_stand":1,"minecraft:dirt":695,"minecraft:anvil":2,"minecraft:oak_fence_gate":6,"minecraft:iron_hoe":89,"minecraft:wooden_axe":24,"quark:spruce_chest":2,"minecraft:iron_axe":393,"minecraft:cooked_mutton":3,"minecraft:water_bucket":61,"minecraft:iron_ore":4,"securitycraft:reinforced_oak_planks":426,"minecraft:cobblestone_stairs":3,"securitycraft:reinforced_cobblestone":40,"minecraft:fletching_table":3,"minecraft:oak_slab":1,"minecraft:crafting_table":12,"minecraft:white_bed":12,"toolleveling:tool_leveling_table":1,"minecraft:spruce_log":65,"minecraft:smoker":5,"minecraft:oak_log":212,"minecraft:diamond_pickaxe":150,"minecraft:oxeye_daisy":1,"minecraft:iron_pickaxe":567,"minecraft:stone_axe":4,"minecraft:cobblestone":520,"travelersbackpack:standard":3,"minecraft:cooked_porkchop":16,"minecraft:bucket":61,"minecraft:glass_pane":1,"minecraft:yellow_bed":4,"quark:oak_chest":2,"securitycraft:reinforced_oak_stairs":18,"gobber2:gobber2_excavator":287},"minecraft:killed_by":{"minecraft:zombie":4,"mutantbeasts:mutant_skeleton":2,"minecraft:skeleton":2},"minecraft:custom":{"minecraft:animals_bred":2,"minecraft:interact_with_crafting_table":99,"minecraft:bell_ring":4,"minecraft:leave_game":3,"minecraft:time_since_death":6258,"minecraft:sprint_one_cm":959307,"minecraft:damage_blocked_by_shield":2387,"minecraft:drop":568,"minecraft:talked_to_villager":1,"minecraft:deaths":8,"minecraft:jump":3331,"minecraft:walk_on_water_one_cm":42016,"minecraft:interact_with_furnace":14,"minecraft:traded_with_villager":2,"minecraft:play_one_minute":352022,"minecraft:sleep_in_bed":16,"minecraft:waystone_activated":6,"minecraft:damage_dealt":22556,"minecraft:crouch_one_cm":22476,"minecraft:interact_with_smoker":35,"minecraft:interact_with_anvil":2,"minecraft:mob_kills":58,"minecraft:climb_one_cm":66545,"minecraft:walk_one_cm":1090562,"minecraft:sneak_time":11237,"minecraft:walk_under_water_one_cm":3686,"minecraft:interact_with_blast_furnace":102,"minecraft:time_since_rest":394,"minecraft:damage_taken":5299,"minecraft:swim_one_cm":15250,"minecraft:fly_one_cm":728023,"minecraft:open_chest":218,"minecraft:fall_one_cm":88792},"minecraft:crafted":{"minecraft:smooth_stone":3,"minecraft:oak_planks":964,"gobber2:gobber2_leggings":1,"minecraft:cooked_chicken":2,"minecraft:stone":3,"gobber2:gobber2_chestplate":1,"securitycraft:reinforced_oak_slab":30,"minecraft:cooked_mutton":3,"securitycraft:laser_block":2,"minecraft:glass":27,"supertools:hammeriron":1,"minecraft:iron_boots":1,"minecraft:oak_fence":75,"minecraft:smoker":1,"minecraft:oak_slab":12,"minecraft:emerald":2,"gobber2:gobber2_ingot":51,"minecraft:cooked_porkchop":19,"minecraft:crafting_table":2,"minecraft:spruce_planks":256,"travelersbackpack:standard":1,"gobber2:gobber2_hammer":1,"gobber2:gobber2_axe":1,"minecraft:wooden_pickaxe":1,"minecraft:iron_helmet":1,"minecraft:spruce_door":3,"gobber2:gobber2_rod":8,"minecraft:fletching_table":1,"quark:polished_deepslate":764,"gobber2:gobber2_excavator":1,"minecraft:iron_chestplate":1,"minecraft:diamond_pickaxe":1,"minecraft:shield":2,"minecraft:stick":404,"quark:oak_chest":3,"minecraft:iron_ingot":205,"minecraft:iron_pickaxe":13,"minecraft:iron_block":7,"minecraft:gold_ingot":32,"minecraft:composter":1,"minecraft:shears":2,"securitycraft:universal_block_reinforcer_lvl1":2,"minecraft:redstone":18,"mining_dimension:teleporter":1,"minecraft:furnace":3,"minecraft:blast_furnace":1,"minecraft:bone_meal":3,"minecraft:oak_trapdoor":4,"minecraft:glass_pane":16,"minecraft:flint_and_steel":1,"gobber2:gobber2_helmet":1,"gobber2:gobber2_glob":36,"travelersbackpack:white_sleeping_bag":1,"securitycraft:universal_block_remover":1,"minecraft:iron_axe":5,"minecraft:ladder":56,"minecraft:iron_hoe":1,"gobber2:gobber2_boots":1,"minecraft:stone_pickaxe":4,"minecraft:redstone_block":12,"quark:spruce_chest":2,"toolleveling:tool_leveling_table":1,"minecraft:wheat":180,"minecraft:cooked_beef":16,"iceandfire:silver_ingot":1,"travelersbackpack:backpack_tank":2,"minecraft:bucket":2,"minecraft:stone_axe":1,"minecraft:bread":57,"minecraft:air":0,"minecraft:oak_fence_gate":4,"minecraft:oak_stairs":40,"minecraft:wooden_axe":1,"minecraft:iron_shovel":1,"minecraft:iron_leggings":1,"minecraft:anvil":1,"minecraft:white_bed":3,"minecraft:torch":488}},"DataVersion":2586}