{"stats":{"minecraft:picked_up":{"minecraft:iron_chestplate":2,"minecraft:wheat":6,"minecraft:anvil":1,"iceandfire:copper_ore":4,"minecraft:oak_stairs":4,"minecraft:wither_rose":3,"minecraft:enchanted_book":2,"minecraft:brewing_stand":1,"iceandfire:manuscript":17,"minecraft:string":3,"minecraft:iron_leggings":2,"minecraft:armor_stand":2,"minecraft:gold_nugget":36,"minecraft:spruce_planks":5,"quark:root_item":2,"minecraft:furnace":1,"minecraft:iron_boots":3,"minecraft:stick":19,"iceandfire:ghost_chest":1,"minecraft:oak_fence":37,"minecraft:torch":35,"iceandfire:silver_ore":6,"minecraft:spruce_stairs":6,"minecraft:porkchop":19,"quark:violet_crystal_cluster":5,"iceandfire:rotten_egg":1,"minecraft:diorite":54,"minecraft:rotten_flesh":20,"minecraft:iron_bars":1,"minecraft:cobblestone":3172,"minecraft:feather":2,"minecraft:andesite":95,"minecraft:smoker":4,"minecraft:potato":18,"minecraft:flint":23,"gobber2:gobber2_ore":38,"minecraft:lapis_lazuli":64,"minecraft:dirt":809,"minecraft:bone":5,"gobber2:gobber2_gooey_beef":1,"minecraft:wheat_seeds":25,"luckytntmod:uranium_ore":8,"minecraft:mossy_stone_bricks":1,"quark:green_crystal_cluster":4,"minecraft:oak_planks":96,"iceandfire:podium_spruce":2,"minecraft:sand":27,"minecraft:stripped_spruce_log":1,"minecraft:grass_block":1,"minecraft:mossy_cobblestone":5,"quark:cobbled_deepslate":3007,"minecraft:dispenser":1,"minecraft:diamond":24,"iceandfire:lectern":2,"waystones:waystone":6,"minecraft:granite":2,"minecraft:oak_sapling":22,"iceandfire:silver_nugget":20,"gobber2:gobber2_goo":1,"minecraft:crafting_table":11,"minecraft:ladder":1,"minecraft:chicken":2,"minecraft:clay_ball":20,"minecraft:oak_trapdoor":2,"iceandfire:graveyard_soil":1,"iceandfire:bestiary":2,"minecraft:beef":16,"minecraft:observer":1,"minecraft:poppy":1,"iceandfire:dragonbone":1,"supernatural:iron_haunted_helmet":1,"minecraft:oak_door":2,"quark:green_crystal":4,"minecraft:carrot":1,"minecraft:redstone":166,"quark:violet_crystal":3,"iceandfire:silver_ingot":1,"minecraft:arrow":3,"quark:smooth_basalt":110,"minecraft:hay_block":20,"everlastingabilities:ability_bottle":1,"quark:polished_deepslate":43,"minecraft:mutton":3,"minecraft:skeleton_skull":1,"minecraft:white_wool":7,"minecraft:oxeye_daisy":2,"minecraft:leather":9,"minecraft:oak_log":97,"iceandfire:ectoplasm":3,"minecraft:yellow_bed":4,"minecraft:gunpowder":40,"minecraft:cobblestone_stairs":5,"quark:limestone":14,"minecraft:blue_bed":8,"minecraft:apple":4,"minecraft:stone_bricks":1,"iceandfire:pixie_jar_empty":1,"minecraft:oak_fence_gate":10,"minecraft:iron_ingot":4,"quark:tallow":14,"minecraft:iron_ore":191,"minecraft:book":15,"minecraft:oak_slab":1,"iceandfire:copper_nugget":28,"minecraft:sweet_berries":20,"minecraft:gravel":137,"minecraft:blast_furnace":5,"minecraft:spruce_log":64,"minecraft:white_bed":5,"minecraft:gold_ore":32,"quark:oak_chest":1,"minecraft:spider_eye":1,"minecraft:purple_bed":1,"minecraft:iron_helmet":1,"gobber2:gobber2_goo_nether":1,"minecraft:coal":287,"minecraft:ender_pearl":1},"minecraft:dropped":{"minecraft:gold_ore":2,"minecraft:lapis_lazuli":64,"minecraft:cooked_beef":16,"minecraft:oak_log":10,"minecraft:crafting_table":1,"quark:polished_deepslate":2,"minecraft:cooked_porkchop":3,"minecraft:leather":5,"iceandfire:ectoplasm":3,"everlastingabilities:ability_totem":1,"relics:squire_bag":1,"iceandfire:graveyard_soil":1,"minecraft:cobblestone_stairs":2,"minecraft:flint":22,"minecraft:dirt":396,"luckytntmod:uranium_ore":5,"gobber2:gobber2_goo_nether":1,"iceandfire:pixie_jar_empty":1,"minecraft:dispenser":1,"quark:cobbled_deepslate":2142,"minecraft:gold_nugget":18,"quark:violet_crystal":3,"gobber2:gobber2_goo":1,"minecraft:iron_pickaxe":1,"minecraft:white_wool":2,"quark:oak_chest":1,"minecraft:bone":4,"minecraft:armor_stand":1,"minecraft:oak_door":1,"minecraft:gravel":115,"supernatural:iron_haunted_helmet":1,"quark:tallow":8,"minecraft:stone_axe":1,"quark:root_item":2,"quark:green_crystal":4,"minecraft:wheat":11,"minecraft:rotten_flesh":20,"minecraft:oak_planks":35,"iceandfire:copper_ore":4,"minecraft:carrot":1,"minecraft:poppy":1,"minecraft:oak_fence_gate":7,"iceandfire:ghost_chest":1,"gobber2:gobber2_ore":1,"iceandfire:bestiary":2,"minecraft:arrow":3,"iceandfire:manuscript":17,"minecraft:bread":44,"minecraft:oak_slab":5,"minecraft:stripped_spruce_log":1,"minecraft:wheat_seeds":25,"minecraft:mossy_cobblestone":5,"minecraft:feather":2,"minecraft:oak_fence":29,"minecraft:iron_helmet":2,"minecraft:cobblestone":2574,"minecraft:observer":1,"supertools:hammeriron":1,"minecraft:apple":12,"minecraft:granite":2,"minecraft:spruce_door":1,"minecraft:spruce_stairs":6,"minecraft:grass_block":1,"minecraft:coal":33,"minecraft:stick":22,"minecraft:oxeye_daisy":1,"iceandfire:podium_spruce":2,"minecraft:diorite":54,"iceandfire:copper_nugget":28,"minecraft:torch":1,"minecraft:wooden_axe":1,"minecraft:iron_leggings":2,"minecraft:oak_stairs":4,"minecraft:wither_rose":3,"quark:green_crystal_cluster":4,"minecraft:iron_axe":5,"minecraft:iron_shovel":1,"minecraft:string":3,"minecraft:redstone":58,"iceandfire:dragonbone":1,"iceandfire:silver_nugget":11,"minecraft:sweet_berries":8,"minecraft:oak_trapdoor":1,"gobber2:gobber2_gooey_beef":1,"quark:violet_crystal_cluster":5,"minecraft:clay_ball":20,"iceandfire:silver_ore":6,"minecraft:iron_boots":4,"quark:smooth_basalt":99,"minecraft:potato":5,"minecraft:spruce_planks":1,"minecraft:iron_chestplate":2,"minecraft:andesite":95,"minecraft:purple_bed":1,"iceandfire:silver_ingot":2,"minecraft:oak_sapling":9,"iceandfire:lectern":2,"minecraft:spider_eye":1,"minecraft:stone_pickaxe":1,"minecraft:wooden_pickaxe":1},"minecraft:killed":{"minecraft:spider":4,"minecraft:skeleton":6,"minecraft:chicken":2,"minecraft:pig":8,"minecraft:creeper":1,"minecraft:sheep":2,"minecraft:zombie":16,"minecraft:cow":7,"supernatural:possessed_armor":1,"minecraft:enderman":1},"minecraft:mined":{"minecraft:spruce_planks":5,"minecraft:white_bed":5,"minecraft:farmland":1,"iceandfire:copper_pile":2,"minecraft:cobblestone_stairs":3,"minecraft:brewing_stand":1,"minecraft:grass_block":51,"gobber2:gobber2_lucky_block":1,"iceandfire:lectern":1,"minecraft:oxeye_daisy":1,"minecraft:red_stained_glass_pane":1,"minecraft:spawner":1,"minecraft:tall_seagrass":1,"gobber2:gobber2_ore":22,"minecraft:fire":4,"minecraft:iron_ore":145,"quark:violet_crystal_cluster":1,"minecraft:anvil":1,"iceandfire:gold_pile":3,"minecraft:oak_stairs":1,"minecraft:iron_bars":1,"quark:limestone":14,"dead_guys_untitled_deep_dark_:cold_sculk":20,"minecraft:smoker":4,"minecraft:clay":5,"minecraft:torch":7,"minecraft:blast_furnace":5,"minecraft:poppy":1,"quark:stone_speleothem":1,"iceandfire:ghost_chest":1,"minecraft:cobblestone":36,"minecraft:oak_planks":59,"minecraft:wall_torch":13,"minecraft:skeleton_skull":1,"minecraft:seagrass":14,"minecraft:wheat":1,"minecraft:wither_rose":1,"minecraft:grass":50,"minecraft:oak_log":92,"minecraft:oak_fence_gate":6,"minecraft:sand":28,"minecraft:dirt":191,"minecraft:oak_leaves":23,"biomesoplenty:reed":40,"quark:green_crystal":3,"minecraft:diamond_ore":16,"biomesoplenty:watergrass":69,"minecraft:mossy_cobblestone":3,"minecraft:oak_door":1,"minecraft:spruce_leaves":5,"minecraft:large_fern":1,"minecraft:hay_block":20,"minecraft:black_stained_glass_pane":1,"minecraft:redstone_ore":9,"minecraft:oak_trapdoor":2,"minecraft:furnace":1,"iceandfire:copper_ore":3,"quark:violet_crystal":3,"minecraft:andesite":11,"minecraft:stripped_spruce_log":1,"quark:smooth_basalt":34,"minecraft:bookshelf":5,"minecraft:potatoes":5,"minecraft:vine":1,"minecraft:stone":1083,"iceandfire:podium_spruce":1,"iceandfire:pixie_jar_empty":1,"minecraft:podzol":1,"minecraft:oak_slab":1,"quark:polished_deepslate":25,"quark:oak_chest":2,"minecraft:oak_fence":37,"minecraft:crafting_table":10,"minecraft:tall_grass":39,"minecraft:lapis_ore":7,"minecraft:diorite":6,"minecraft:blue_bed":8,"minecraft:spruce_stairs":3,"minecraft:purple_bed":1,"quark:green_crystal_cluster":2,"minecraft:sweet_berry_bush":9,"minecraft:spruce_log":65,"minecraft:grass_path":3,"minecraft:yellow_bed":4,"quark:deepslate":1171,"new_xp_ore:xp_ore":4,"minecraft:coal_ore":169,"iceandfire:silver_pile":3,"minecraft:gravel":66,"minecraft:stone_bricks":1,"minecraft:mossy_stone_bricks":1,"minecraft:gold_ore":15,"luckytntmod:uranium_ore":4,"minecraft:fern":1,"luckytntmod:gunpowder_ore":11,"quark:root":2},"minecraft:crafted":{"minecraft:oak_planks":308,"minecraft:smooth_stone":3,"gobber2:gobber2_leggings":1,"minecraft:cooked_chicken":2,"minecraft:stone":3,"gobber2:gobber2_chestplate":1,"minecraft:cooked_mutton":3,"securitycraft:laser_block":1,"minecraft:glass":27,"supertools:hammeriron":1,"minecraft:iron_boots":1,"minecraft:oak_fence":63,"minecraft:smoker":1,"minecraft:oak_slab":12,"gobber2:gobber2_ingot":51,"minecraft:cooked_porkchop":19,"minecraft:crafting_table":1,"minecraft:spruce_planks":256,"gobber2:gobber2_axe":1,"travelersbackpack:standard":1,"gobber2:gobber2_hammer":1,"minecraft:wooden_pickaxe":1,"minecraft:iron_helmet":1,"minecraft:spruce_door":3,"gobber2:gobber2_rod":6,"quark:polished_deepslate":764,"gobber2:gobber2_excavator":1,"minecraft:iron_chestplate":1,"minecraft:diamond_pickaxe":1,"minecraft:shield":1,"minecraft:stick":264,"quark:oak_chest":3,"minecraft:iron_pickaxe":13,"minecraft:iron_ingot":185,"minecraft:iron_block":7,"minecraft:gold_ingot":32,"minecraft:composter":1,"minecraft:shears":1,"securitycraft:universal_block_reinforcer_lvl1":1,"minecraft:redstone":9,"mining_dimension:teleporter":1,"minecraft:furnace":3,"minecraft:blast_furnace":1,"minecraft:bone_meal":3,"minecraft:oak_trapdoor":4,"minecraft:glass_pane":16,"minecraft:flint_and_steel":1,"gobber2:gobber2_helmet":1,"gobber2:gobber2_glob":36,"travelersbackpack:white_sleeping_bag":1,"minecraft:iron_axe":5,"minecraft:ladder":56,"minecraft:iron_hoe":1,"gobber2:gobber2_boots":1,"minecraft:stone_pickaxe":4,"minecraft:redstone_block":12,"quark:spruce_chest":2,"toolleveling:tool_leveling_table":1,"minecraft:wheat":180,"minecraft:cooked_beef":16,"iceandfire:silver_ingot":1,"travelersbackpack:backpack_tank":2,"minecraft:bucket":2,"minecraft:stone_axe":1,"minecraft:bread":57,"minecraft:air":0,"minecraft:oak_fence_gate":2,"minecraft:wooden_axe":1,"minecraft:iron_shovel":1,"minecraft:iron_leggings":1,"minecraft:anvil":1,"minecraft:torch":296},"minecraft:killed_by":{"minecraft:zombie":3,"minecraft:skeleton":2},"minecraft:broken":{"minecraft:stone_pickaxe":2},"minecraft:custom":{"minecraft:animals_bred":2,"minecraft:interact_with_crafting_table":83,"minecraft:bell_ring":4,"minecraft:leave_game":2,"minecraft:time_since_death":95087,"minecraft:sprint_one_cm":628359,"minecraft:damage_blocked_by_shield":1235,"minecraft:drop":385,"minecraft:deaths":5,"minecraft:jump":2330,"minecraft:walk_on_water_one_cm":33450,"minecraft:interact_with_furnace":13,"minecraft:play_one_minute":258127,"minecraft:sleep_in_bed":10,"minecraft:waystone_activated":6,"minecraft:damage_dealt":15891,"minecraft:crouch_one_cm":20677,"minecraft:interact_with_smoker":33,"minecraft:interact_with_anvil":2,"minecraft:mob_kills":48,"minecraft:climb_one_cm":60646,"minecraft:walk_one_cm":743383,"minecraft:sneak_time":9750,"minecraft:walk_under_water_one_cm":3410,"minecraft:interact_with_blast_furnace":94,"minecraft:time_since_rest":11718,"minecraft:damage_taken":3067,"minecraft:swim_one_cm":14559,"minecraft:fly_one_cm":483653,"minecraft:open_chest":161,"minecraft:fall_one_cm":63047},"minecraft:used":{"minecraft:iron_shovel":71,"quark:cobbled_deepslate":97,"minecraft:ladder":55,"minecraft:shield":24,"quark:limestone":14,"minecraft:glass":4,"gobber2:gobber2_hammer":619,"minecraft:stone_bricks":1,"quark:smooth_basalt":11,"minecraft:sweet_berries":12,"minecraft:oak_sapling":1,"minecraft:furnace":2,"quark:polished_deepslate":319,"minecraft:potato":18,"minecraft:mossy_stone_bricks":1,"minecraft:spruce_door":2,"luckytntmod:uranium_ore":3,"minecraft:stone_pickaxe":281,"minecraft:oak_planks":62,"minecraft:wooden_pickaxe":10,"minecraft:composter":1,"minecraft:blue_bed":8,"supertools:hammeriron":175,"gobber2:gobber2_ore":1,"minecraft:blast_furnace":6,"waystones:waystone":4,"minecraft:bread":25,"gobber2:gobber2_axe":66,"minecraft:gravel":22,"mining_dimension:teleporter":1,"minecraft:oak_trapdoor":5,"minecraft:oak_fence":71,"minecraft:iron_bars":1,"minecraft:flint_and_steel":4,"minecraft:armor_stand":1,"minecraft:spruce_planks":122,"minecraft:cooked_chicken":2,"minecraft:oak_door":1,"minecraft:torch":327,"minecraft:brewing_stand":1,"minecraft:dirt":285,"minecraft:anvil":1,"minecraft:oak_fence_gate":5,"minecraft:iron_hoe":89,"minecraft:wooden_axe":24,"quark:spruce_chest":2,"minecraft:iron_axe":393,"minecraft:cooked_mutton":3,"minecraft:water_bucket":51,"minecraft:iron_ore":4,"minecraft:cobblestone_stairs":3,"minecraft:oak_slab":1,"minecraft:crafting_table":11,"minecraft:white_bed":5,"toolleveling:tool_leveling_table":1,"minecraft:smoker":5,"minecraft:spruce_log":65,"minecraft:oak_log":89,"minecraft:diamond_pickaxe":47,"minecraft:oxeye_daisy":1,"minecraft:iron_pickaxe":567,"minecraft:stone_axe":4,"minecraft:cobblestone":483,"travelersbackpack:standard":2,"minecraft:cooked_porkchop":16,"minecraft:bucket":51,"minecraft:glass_pane":1,"minecraft:yellow_bed":4,"gobber2:gobber2_excavator":154}},"DataVersion":2586}