{"stats":{"minecraft:picked_up":{"minecraft:iron_chestplate":2,"minecraft:crafting_table":11,"minecraft:clay_ball":20,"minecraft:wheat":5,"minecraft:chicken":2,"minecraft:oak_stairs":4,"minecraft:enchanted_book":1,"minecraft:wither_rose":3,"minecraft:brewing_stand":1,"iceandfire:manuscript":15,"minecraft:string":1,"minecraft:iron_leggings":2,"minecraft:armor_stand":2,"iceandfire:graveyard_soil":1,"iceandfire:bestiary":2,"minecraft:gold_nugget":36,"minecraft:spruce_planks":5,"minecraft:beef":16,"minecraft:observer":1,"minecraft:poppy":1,"quark:root_item":1,"minecraft:iron_boots":3,"minecraft:furnace":1,"minecraft:stick":14,"iceandfire:ghost_chest":1,"iceandfire:dragonbone":1,"supernatural:iron_haunted_helmet":1,"minecraft:oak_door":2,"minecraft:oak_fence":37,"minecraft:torch":5,"minecraft:spruce_stairs":6,"minecraft:porkchop":19,"quark:violet_crystal_cluster":5,"iceandfire:rotten_egg":1,"quark:green_crystal":4,"minecraft:carrot":1,"iceandfire:silver_ingot":1,"quark:violet_crystal":3,"minecraft:rotten_flesh":20,"quark:smooth_basalt":6,"minecraft:hay_block":20,"everlastingabilities:ability_bottle":1,"minecraft:mutton":3,"minecraft:iron_bars":1,"minecraft:skeleton_skull":1,"minecraft:white_wool":2,"minecraft:cobblestone":433,"minecraft:oxeye_daisy":2,"minecraft:feather":2,"minecraft:leather":9,"minecraft:smoker":4,"minecraft:flint":2,"minecraft:oak_log":84,"iceandfire:ectoplasm":3,"minecraft:yellow_bed":4,"minecraft:cobblestone_stairs":5,"quark:limestone":14,"minecraft:dirt":91,"minecraft:blue_bed":8,"minecraft:bone":3,"minecraft:apple":4,"minecraft:stone_bricks":1,"minecraft:wheat_seeds":15,"minecraft:iron_ingot":4,"minecraft:oak_fence_gate":10,"quark:tallow":14,"minecraft:iron_ore":79,"minecraft:mossy_stone_bricks":1,"minecraft:oak_planks":39,"quark:green_crystal_cluster":4,"minecraft:book":12,"iceandfire:copper_nugget":28,"minecraft:sweet_berries":20,"iceandfire:podium_spruce":2,"minecraft:gravel":15,"minecraft:sand":27,"minecraft:stripped_spruce_log":1,"minecraft:white_bed":5,"minecraft:blast_furnace":5,"minecraft:spruce_log":64,"quark:oak_chest":1,"minecraft:mossy_cobblestone":4,"quark:cobbled_deepslate":27,"minecraft:dispenser":1,"minecraft:purple_bed":1,"iceandfire:lectern":2,"waystones:waystone":3,"minecraft:iron_helmet":1,"minecraft:oak_sapling":21,"iceandfire:silver_nugget":20,"minecraft:coal":105},"minecraft:dropped":{"minecraft:stripped_spruce_log":1,"minecraft:wheat_seeds":15,"minecraft:oak_log":10,"minecraft:mossy_cobblestone":4,"minecraft:crafting_table":1,"minecraft:oak_fence":29,"minecraft:iron_helmet":1,"minecraft:feather":2,"minecraft:cobblestone":1,"minecraft:observer":1,"minecraft:leather":2,"minecraft:apple":8,"iceandfire:ectoplasm":3,"everlastingabilities:ability_totem":1,"minecraft:spruce_door":1,"minecraft:spruce_stairs":6,"relics:squire_bag":1,"iceandfire:graveyard_soil":1,"minecraft:cobblestone_stairs":2,"minecraft:stick":12,"minecraft:oxeye_daisy":1,"minecraft:dirt":59,"iceandfire:podium_spruce":2,"minecraft:torch":1,"iceandfire:copper_nugget":14,"minecraft:dispenser":1,"minecraft:wooden_axe":1,"quark:cobbled_deepslate":5,"minecraft:oak_stairs":4,"minecraft:gold_nugget":18,"minecraft:wither_rose":3,"quark:violet_crystal":3,"quark:green_crystal_cluster":4,"minecraft:iron_axe":3,"minecraft:string":1,"minecraft:white_wool":2,"quark:oak_chest":1,"minecraft:armor_stand":1,"iceandfire:dragonbone":1,"minecraft:bone":3,"minecraft:gravel":3,"iceandfire:silver_nugget":10,"quark:tallow":8,"minecraft:stone_axe":1,"minecraft:sweet_berries":8,"quark:root_item":1,"quark:green_crystal":4,"minecraft:wheat":10,"minecraft:rotten_flesh":15,"quark:violet_crystal_cluster":5,"minecraft:oak_planks":34,"minecraft:iron_boots":2,"minecraft:oak_fence_gate":6,"minecraft:poppy":1,"quark:smooth_basalt":3,"minecraft:potato":5,"iceandfire:ghost_chest":1,"minecraft:spruce_planks":1,"minecraft:purple_bed":1,"iceandfire:silver_ingot":1,"minecraft:oak_sapling":9,"iceandfire:bestiary":2,"iceandfire:lectern":2,"minecraft:stone_pickaxe":1,"minecraft:wooden_pickaxe":1,"iceandfire:manuscript":15},"minecraft:killed":{"supernatural:possessed_armor":1,"minecraft:spider":1,"minecraft:skeleton":1,"minecraft:chicken":2,"minecraft:pig":8,"minecraft:sheep":2,"minecraft:zombie":15,"minecraft:cow":7},"minecraft:mined":{"quark:green_crystal":3,"minecraft:white_bed":5,"biomesoplenty:watergrass":69,"minecraft:spruce_planks":5,"minecraft:mossy_cobblestone":2,"minecraft:oak_door":1,"iceandfire:copper_pile":2,"minecraft:cobblestone_stairs":3,"minecraft:brewing_stand":1,"minecraft:grass_block":6,"iceandfire:lectern":1,"minecraft:spruce_leaves":5,"minecraft:oxeye_daisy":1,"minecraft:red_stained_glass_pane":1,"minecraft:large_fern":1,"minecraft:tall_seagrass":1,"minecraft:hay_block":20,"minecraft:black_stained_glass_pane":1,"minecraft:furnace":1,"quark:violet_crystal":3,"minecraft:iron_ore":80,"quark:violet_crystal_cluster":1,"minecraft:stripped_spruce_log":1,"quark:smooth_basalt":3,"minecraft:bookshelf":4,"minecraft:vine":1,"iceandfire:gold_pile":3,"minecraft:iron_bars":1,"minecraft:oak_stairs":1,"quark:limestone":14,"minecraft:stone":427,"iceandfire:podium_spruce":1,"minecraft:podzol":1,"quark:oak_chest":1,"minecraft:smoker":4,"minecraft:clay":5,"minecraft:oak_fence":37,"minecraft:crafting_table":10,"minecraft:torch":1,"minecraft:blast_furnace":5,"minecraft:poppy":1,"iceandfire:ghost_chest":1,"minecraft:tall_grass":33,"minecraft:cobblestone":12,"minecraft:oak_planks":4,"minecraft:blue_bed":8,"minecraft:wall_torch":1,"minecraft:skeleton_skull":1,"minecraft:spruce_stairs":3,"minecraft:seagrass":14,"minecraft:purple_bed":1,"quark:green_crystal_cluster":2,"minecraft:sweet_berry_bush":9,"minecraft:spruce_log":65,"quark:deepslate":27,"minecraft:yellow_bed":4,"minecraft:wither_rose":1,"minecraft:grass":37,"minecraft:coal_ore":37,"minecraft:oak_log":79,"iceandfire:silver_pile":3,"minecraft:oak_fence_gate":6,"minecraft:gravel":17,"minecraft:dirt":69,"minecraft:sand":28,"minecraft:stone_bricks":1,"minecraft:mossy_stone_bricks":1,"minecraft:oak_leaves":18,"biomesoplenty:reed":40,"minecraft:fern":1,"quark:root":2},"minecraft:crafted":{"minecraft:smooth_stone":3,"minecraft:oak_planks":280,"minecraft:cooked_chicken":2,"minecraft:furnace":3,"minecraft:blast_furnace":1,"minecraft:stone":3,"minecraft:cooked_mutton":3,"minecraft:glass":27,"minecraft:iron_boots":1,"minecraft:iron_axe":4,"minecraft:ladder":56,"minecraft:stone_pickaxe":3,"quark:spruce_chest":2,"minecraft:oak_fence":63,"minecraft:smoker":1,"minecraft:wheat":180,"minecraft:cooked_beef":16,"iceandfire:silver_ingot":1,"minecraft:cooked_porkchop":19,"minecraft:crafting_table":1,"minecraft:spruce_planks":256,"minecraft:iron_helmet":1,"minecraft:wooden_pickaxe":1,"minecraft:spruce_door":3,"minecraft:bucket":1,"minecraft:stone_axe":1,"minecraft:bread":57,"minecraft:air":0,"minecraft:oak_fence_gate":2,"minecraft:iron_chestplate":1,"minecraft:shield":1,"minecraft:stick":264,"minecraft:iron_ingot":57,"minecraft:iron_pickaxe":3,"minecraft:wooden_axe":1,"minecraft:iron_shovel":1,"minecraft:iron_leggings":1,"minecraft:gold_ingot":2,"minecraft:torch":84},"minecraft:killed_by":{"minecraft:skeleton":1,"minecraft:zombie":1},"minecraft:broken":{"minecraft:stone_pickaxe":2},"minecraft:custom":{"minecraft:mob_kills":37,"minecraft:animals_bred":2,"minecraft:interact_with_crafting_table":39,"minecraft:bell_ring":4,"minecraft:leave_game":2,"minecraft:time_since_death":8236,"minecraft:climb_one_cm":10447,"minecraft:sprint_one_cm":341642,"minecraft:walk_one_cm":328407,"minecraft:damage_blocked_by_shield":110,"minecraft:drop":144,"minecraft:sneak_time":7894,"minecraft:deaths":2,"minecraft:walk_under_water_one_cm":3199,"minecraft:jump":1678,"minecraft:interact_with_blast_furnace":25,"minecraft:walk_on_water_one_cm":27038,"minecraft:interact_with_furnace":12,"minecraft:play_one_minute":132127,"minecraft:sleep_in_bed":7,"minecraft:waystone_activated":3,"minecraft:time_since_rest":8276,"minecraft:damage_taken":2007,"minecraft:damage_dealt":7706,"minecraft:swim_one_cm":14559,"minecraft:fly_one_cm":363782,"minecraft:crouch_one_cm":16438,"minecraft:open_chest":56,"minecraft:interact_with_smoker":28,"minecraft:fall_one_cm":44009},"minecraft:used":{"minecraft:oak_fence":71,"minecraft:iron_bars":1,"minecraft:iron_shovel":52,"quark:cobbled_deepslate":22,"minecraft:armor_stand":1,"minecraft:ladder":30,"minecraft:spruce_planks":122,"minecraft:shield":2,"minecraft:cooked_chicken":2,"minecraft:oak_door":1,"minecraft:brewing_stand":1,"minecraft:torch":80,"minecraft:dirt":23,"quark:limestone":14,"minecraft:oak_fence_gate":5,"minecraft:wooden_axe":24,"quark:spruce_chest":2,"minecraft:iron_axe":310,"minecraft:stone_bricks":1,"quark:smooth_basalt":3,"minecraft:sweet_berries":12,"minecraft:furnace":2,"minecraft:cooked_mutton":3,"minecraft:water_bucket":34,"minecraft:mossy_stone_bricks":1,"minecraft:iron_ore":4,"minecraft:cobblestone_stairs":3,"minecraft:spruce_door":2,"minecraft:oak_planks":48,"minecraft:stone_pickaxe":281,"minecraft:wooden_pickaxe":10,"minecraft:blue_bed":8,"minecraft:crafting_table":11,"minecraft:blast_furnace":6,"minecraft:white_bed":5,"minecraft:spruce_log":65,"minecraft:smoker":5,"waystones:waystone":1,"minecraft:oak_log":76,"minecraft:oxeye_daisy":1,"minecraft:bread":9,"minecraft:iron_pickaxe":362,"minecraft:gravel":4,"minecraft:stone_axe":4,"minecraft:cobblestone":289,"minecraft:cooked_porkchop":16,"minecraft:bucket":34,"minecraft:yellow_bed":4}},"DataVersion":2586}