{"stats":{"minecraft:picked_up":{"minecraft:iron_chestplate":2,"minecraft:wheat":5,"iceandfire:copper_ore":4,"minecraft:oak_stairs":4,"minecraft:wither_rose":3,"minecraft:enchanted_book":2,"minecraft:brewing_stand":1,"iceandfire:manuscript":17,"minecraft:string":3,"minecraft:iron_leggings":2,"minecraft:armor_stand":2,"minecraft:gold_nugget":36,"minecraft:spruce_planks":5,"quark:root_item":2,"minecraft:furnace":1,"minecraft:iron_boots":3,"minecraft:stick":14,"iceandfire:ghost_chest":1,"minecraft:oak_fence":37,"minecraft:torch":23,"iceandfire:silver_ore":4,"minecraft:spruce_stairs":6,"minecraft:porkchop":19,"quark:violet_crystal_cluster":5,"iceandfire:rotten_egg":1,"minecraft:rotten_flesh":20,"minecraft:iron_bars":1,"minecraft:cobblestone":1035,"minecraft:feather":2,"minecraft:smoker":4,"minecraft:flint":2,"gobber2:gobber2_ore":24,"minecraft:lapis_lazuli":44,"minecraft:dirt":112,"minecraft:bone":4,"minecraft:wheat_seeds":15,"luckytntmod:uranium_ore":5,"minecraft:mossy_stone_bricks":1,"quark:green_crystal_cluster":4,"minecraft:oak_planks":50,"iceandfire:podium_spruce":2,"minecraft:sand":27,"minecraft:stripped_spruce_log":1,"minecraft:grass_block":1,"minecraft:mossy_cobblestone":5,"quark:cobbled_deepslate":1610,"minecraft:dispenser":1,"minecraft:diamond":14,"iceandfire:lectern":2,"waystones:waystone":4,"minecraft:oak_sapling":21,"iceandfire:silver_nugget":20,"minecraft:crafting_table":11,"minecraft:chicken":2,"minecraft:clay_ball":20,"iceandfire:graveyard_soil":1,"iceandfire:bestiary":2,"minecraft:beef":16,"minecraft:observer":1,"minecraft:poppy":1,"iceandfire:dragonbone":1,"supernatural:iron_haunted_helmet":1,"minecraft:oak_door":2,"quark:green_crystal":4,"minecraft:carrot":1,"minecraft:redstone":38,"quark:violet_crystal":3,"iceandfire:silver_ingot":1,"minecraft:arrow":3,"quark:smooth_basalt":57,"minecraft:hay_block":20,"everlastingabilities:ability_bottle":1,"minecraft:mutton":3,"minecraft:skeleton_skull":1,"minecraft:white_wool":7,"minecraft:oxeye_daisy":2,"minecraft:leather":9,"minecraft:oak_log":84,"iceandfire:ectoplasm":3,"minecraft:yellow_bed":4,"minecraft:gunpowder":40,"minecraft:cobblestone_stairs":5,"quark:limestone":14,"minecraft:blue_bed":8,"minecraft:apple":4,"minecraft:stone_bricks":1,"iceandfire:pixie_jar_empty":1,"minecraft:oak_fence_gate":10,"minecraft:iron_ingot":4,"quark:tallow":14,"minecraft:iron_ore":143,"minecraft:book":15,"iceandfire:copper_nugget":28,"minecraft:sweet_berries":20,"minecraft:gravel":15,"minecraft:blast_furnace":5,"minecraft:spruce_log":64,"minecraft:white_bed":5,"minecraft:gold_ore":8,"quark:oak_chest":1,"minecraft:spider_eye":1,"minecraft:purple_bed":1,"minecraft:iron_helmet":1,"gobber2:gobber2_goo_nether":1,"minecraft:coal":233,"minecraft:ender_pearl":1},"minecraft:dropped":{"minecraft:gold_ore":2,"minecraft:lapis_lazuli":44,"minecraft:oak_log":10,"minecraft:crafting_table":1,"minecraft:leather":2,"iceandfire:ectoplasm":3,"everlastingabilities:ability_totem":1,"relics:squire_bag":1,"iceandfire:graveyard_soil":1,"minecraft:cobblestone_stairs":2,"minecraft:flint":2,"minecraft:dirt":88,"luckytntmod:uranium_ore":1,"minecraft:dispenser":1,"quark:cobbled_deepslate":501,"minecraft:gold_nugget":18,"quark:violet_crystal":3,"minecraft:iron_pickaxe":1,"minecraft:white_wool":2,"quark:oak_chest":1,"minecraft:bone":4,"minecraft:armor_stand":1,"minecraft:oak_door":1,"minecraft:gravel":11,"quark:tallow":8,"minecraft:stone_axe":1,"quark:root_item":2,"quark:green_crystal":4,"minecraft:wheat":10,"minecraft:rotten_flesh":20,"minecraft:oak_planks":35,"iceandfire:copper_ore":4,"minecraft:carrot":1,"minecraft:poppy":1,"minecraft:oak_fence_gate":7,"iceandfire:ghost_chest":1,"iceandfire:bestiary":2,"minecraft:arrow":3,"iceandfire:manuscript":17,"minecraft:stripped_spruce_log":1,"minecraft:wheat_seeds":15,"minecraft:mossy_cobblestone":5,"minecraft:feather":2,"minecraft:oak_fence":29,"minecraft:iron_helmet":2,"minecraft:cobblestone":608,"minecraft:observer":1,"supertools:hammeriron":1,"minecraft:apple":8,"minecraft:spruce_door":1,"minecraft:spruce_stairs":6,"minecraft:grass_block":1,"minecraft:stick":12,"minecraft:oxeye_daisy":1,"iceandfire:podium_spruce":2,"iceandfire:copper_nugget":28,"minecraft:torch":1,"minecraft:wooden_axe":1,"minecraft:iron_leggings":1,"minecraft:oak_stairs":4,"minecraft:wither_rose":3,"quark:green_crystal_cluster":4,"minecraft:iron_axe":4,"minecraft:string":3,"minecraft:redstone":38,"iceandfire:dragonbone":1,"iceandfire:silver_nugget":11,"minecraft:sweet_berries":8,"quark:violet_crystal_cluster":5,"minecraft:clay_ball":20,"minecraft:iron_boots":3,"quark:smooth_basalt":46,"minecraft:potato":5,"minecraft:spruce_planks":1,"minecraft:iron_chestplate":2,"minecraft:purple_bed":1,"iceandfire:silver_ingot":2,"minecraft:oak_sapling":9,"iceandfire:lectern":2,"minecraft:spider_eye":1,"minecraft:stone_pickaxe":1,"minecraft:wooden_pickaxe":1},"minecraft:killed":{"minecraft:spider":4,"minecraft:skeleton":4,"minecraft:chicken":2,"minecraft:pig":8,"minecraft:creeper":1,"minecraft:sheep":2,"minecraft:zombie":16,"minecraft:cow":7,"supernatural:possessed_armor":1,"minecraft:enderman":1},"minecraft:mined":{"minecraft:spruce_planks":5,"minecraft:white_bed":5,"iceandfire:copper_pile":2,"minecraft:cobblestone_stairs":3,"minecraft:brewing_stand":1,"minecraft:grass_block":6,"gobber2:gobber2_lucky_block":1,"iceandfire:lectern":1,"minecraft:oxeye_daisy":1,"minecraft:red_stained_glass_pane":1,"minecraft:spawner":1,"minecraft:tall_seagrass":1,"gobber2:gobber2_ore":18,"minecraft:iron_ore":135,"quark:violet_crystal_cluster":1,"iceandfire:gold_pile":3,"minecraft:oak_stairs":1,"minecraft:iron_bars":1,"quark:limestone":14,"dead_guys_untitled_deep_dark_:cold_sculk":14,"minecraft:smoker":4,"minecraft:clay":5,"minecraft:torch":4,"minecraft:blast_furnace":5,"minecraft:poppy":1,"quark:stone_speleothem":1,"iceandfire:ghost_chest":1,"minecraft:cobblestone":23,"minecraft:oak_planks":13,"minecraft:wall_torch":8,"minecraft:skeleton_skull":1,"minecraft:seagrass":14,"minecraft:wither_rose":1,"minecraft:grass":37,"minecraft:oak_log":79,"minecraft:oak_fence_gate":6,"minecraft:sand":28,"minecraft:dirt":90,"minecraft:oak_leaves":18,"biomesoplenty:reed":40,"quark:green_crystal":3,"minecraft:diamond_ore":14,"biomesoplenty:watergrass":69,"minecraft:mossy_cobblestone":3,"minecraft:oak_door":1,"minecraft:spruce_leaves":5,"minecraft:large_fern":1,"minecraft:hay_block":20,"minecraft:black_stained_glass_pane":1,"minecraft:redstone_ore":4,"minecraft:furnace":1,"iceandfire:copper_ore":3,"quark:violet_crystal":3,"minecraft:stripped_spruce_log":1,"quark:smooth_basalt":33,"minecraft:bookshelf":5,"minecraft:vine":1,"minecraft:stone":812,"iceandfire:podium_spruce":1,"iceandfire:pixie_jar_empty":1,"minecraft:podzol":1,"quark:oak_chest":2,"minecraft:oak_fence":37,"minecraft:crafting_table":10,"minecraft:tall_grass":33,"minecraft:lapis_ore":7,"minecraft:blue_bed":8,"minecraft:spruce_stairs":3,"minecraft:purple_bed":1,"quark:green_crystal_cluster":2,"minecraft:sweet_berry_bush":9,"minecraft:spruce_log":65,"minecraft:yellow_bed":4,"quark:deepslate":1019,"new_xp_ore:xp_ore":4,"minecraft:coal_ore":158,"iceandfire:silver_pile":3,"minecraft:gravel":17,"minecraft:stone_bricks":1,"minecraft:mossy_stone_bricks":1,"minecraft:gold_ore":8,"luckytntmod:uranium_ore":2,"minecraft:fern":1,"luckytntmod:gunpowder_ore":11,"quark:root":2},"minecraft:crafted":{"minecraft:oak_planks":280,"minecraft:smooth_stone":3,"minecraft:cooked_chicken":2,"minecraft:stone":3,"gobber2:gobber2_chestplate":1,"minecraft:cooked_mutton":3,"minecraft:glass":27,"supertools:hammeriron":1,"minecraft:iron_boots":1,"minecraft:oak_fence":63,"minecraft:smoker":1,"gobber2:gobber2_ingot":15,"minecraft:cooked_porkchop":19,"minecraft:crafting_table":1,"minecraft:spruce_planks":256,"travelersbackpack:standard":1,"gobber2:gobber2_hammer":1,"minecraft:wooden_pickaxe":1,"minecraft:iron_helmet":1,"minecraft:spruce_door":3,"gobber2:gobber2_rod":2,"minecraft:iron_chestplate":1,"minecraft:diamond_pickaxe":1,"minecraft:shield":1,"minecraft:stick":264,"quark:oak_chest":1,"minecraft:iron_pickaxe":13,"minecraft:iron_ingot":130,"minecraft:iron_block":4,"minecraft:gold_ingot":8,"minecraft:shears":1,"minecraft:furnace":3,"minecraft:blast_furnace":1,"gobber2:gobber2_glob":17,"travelersbackpack:white_sleeping_bag":1,"minecraft:iron_axe":5,"minecraft:ladder":56,"minecraft:stone_pickaxe":3,"quark:spruce_chest":2,"toolleveling:tool_leveling_table":1,"minecraft:wheat":180,"minecraft:cooked_beef":16,"iceandfire:silver_ingot":1,"travelersbackpack:backpack_tank":2,"minecraft:bucket":2,"minecraft:stone_axe":1,"minecraft:bread":57,"minecraft:air":0,"minecraft:oak_fence_gate":2,"minecraft:wooden_axe":1,"minecraft:iron_shovel":1,"minecraft:iron_leggings":1,"minecraft:torch":296},"minecraft:killed_by":{"minecraft:zombie":3,"minecraft:skeleton":2},"minecraft:broken":{"minecraft:stone_pickaxe":2},"minecraft:custom":{"minecraft:animals_bred":2,"minecraft:interact_with_crafting_table":57,"minecraft:bell_ring":4,"minecraft:leave_game":2,"minecraft:time_since_death":29087,"minecraft:sprint_one_cm":457442,"minecraft:damage_blocked_by_shield":955,"minecraft:drop":224,"minecraft:deaths":5,"minecraft:jump":1964,"minecraft:walk_on_water_one_cm":30040,"minecraft:interact_with_furnace":13,"minecraft:play_one_minute":192127,"minecraft:sleep_in_bed":7,"minecraft:waystone_activated":6,"minecraft:damage_dealt":15177,"minecraft:crouch_one_cm":20200,"minecraft:interact_with_smoker":31,"minecraft:mob_kills":46,"minecraft:climb_one_cm":45239,"minecraft:walk_one_cm":494404,"minecraft:sneak_time":9402,"minecraft:walk_under_water_one_cm":3410,"minecraft:interact_with_blast_furnace":64,"minecraft:time_since_rest":29114,"minecraft:damage_taken":3067,"minecraft:swim_one_cm":14559,"minecraft:fly_one_cm":398330,"minecraft:open_chest":108,"minecraft:fall_one_cm":49587},"minecraft:used":{"minecraft:iron_shovel":71,"quark:cobbled_deepslate":69,"minecraft:ladder":54,"minecraft:shield":19,"quark:limestone":14,"gobber2:gobber2_hammer":95,"minecraft:stone_bricks":1,"quark:smooth_basalt":11,"minecraft:sweet_berries":12,"minecraft:furnace":2,"minecraft:mossy_stone_bricks":1,"minecraft:spruce_door":2,"luckytntmod:uranium_ore":3,"minecraft:stone_pickaxe":281,"minecraft:oak_planks":59,"minecraft:wooden_pickaxe":10,"minecraft:blue_bed":8,"supertools:hammeriron":175,"minecraft:blast_furnace":6,"waystones:waystone":4,"minecraft:bread":22,"minecraft:gravel":4,"minecraft:oak_fence":71,"minecraft:iron_bars":1,"minecraft:armor_stand":1,"minecraft:spruce_planks":122,"minecraft:cooked_chicken":2,"minecraft:oak_door":1,"minecraft:torch":188,"minecraft:brewing_stand":1,"minecraft:dirt":24,"minecraft:oak_fence_gate":5,"minecraft:wooden_axe":24,"quark:spruce_chest":2,"minecraft:iron_axe":393,"minecraft:cooked_mutton":3,"minecraft:water_bucket":36,"minecraft:iron_ore":4,"minecraft:cobblestone_stairs":3,"minecraft:crafting_table":11,"minecraft:white_bed":5,"toolleveling:tool_leveling_table":1,"minecraft:smoker":5,"minecraft:spruce_log":65,"minecraft:oak_log":76,"minecraft:diamond_pickaxe":19,"minecraft:oxeye_daisy":1,"minecraft:iron_pickaxe":567,"minecraft:stone_axe":4,"minecraft:cobblestone":376,"travelersbackpack:standard":2,"minecraft:cooked_porkchop":16,"minecraft:bucket":36,"minecraft:yellow_bed":4}},"DataVersion":2586}