{"stats":{"minecraft:picked_up":{"minecraft:iron_chestplate":2,"securitycraft:reinforced_oak_slab":7,"minecraft:wheat":44,"minecraft:anvil":1,"iceandfire:copper_ore":4,"minecraft:oak_stairs":4,"minecraft:enchanted_book":4,"minecraft:wither_rose":3,"minecraft:stone_brick_stairs":28,"minecraft:brewing_stand":1,"securitycraft:reinforced_oak_planks":464,"iceandfire:manuscript":17,"minecraft:string":13,"minecraft:iron_leggings":2,"minecraft:armor_stand":2,"securitycraft:reinforced_dirt":2,"minecraft:beetroot":3,"minecraft:smooth_stone":8,"minecraft:gold_nugget":36,"minecraft:spruce_planks":79,"securitycraft:reinforced_oak_stairs":40,"quark:root_item":2,"minecraft:furnace":1,"minecraft:iron_boots":3,"minecraft:stick":43,"iceandfire:ghost_chest":1,"minecraft:composter":3,"minecraft:oak_fence":37,"minecraft:torch":85,"minecraft:spruce_stairs":6,"iceandfire:silver_ore":6,"minecraft:porkchop":19,"quark:violet_crystal_cluster":5,"iceandfire:rotten_egg":1,"minecraft:diorite":245,"minecraft:rotten_flesh":38,"minecraft:white_terracotta":17,"minecraft:iron_bars":1,"minecraft:cobblestone":8108,"minecraft:feather":2,"minecraft:andesite":469,"minecraft:smoker":4,"minecraft:potato":22,"minecraft:flint":70,"gobber2:gobber2_ore":57,"minecraft:lapis_lazuli":190,"minecraft:dirt":1549,"minecraft:bone":6,"gobber2:gobber2_gooey_beef":2,"minecraft:wheat_seeds":108,"luckytntmod:uranium_ore":8,"minecraft:fletching_table":5,"minecraft:glowstone_dust":2,"minecraft:mossy_stone_bricks":1,"quark:green_crystal_cluster":4,"minecraft:oak_planks":151,"gobber2:gobber2_gooey_bread":1,"iceandfire:podium_spruce":2,"minecraft:sand":106,"minecraft:stripped_spruce_log":1,"minecraft:ink_sac":4,"iceandfire:stymphalian_bird_feather":8,"minecraft:grass_block":1,"minecraft:mossy_cobblestone":23,"quark:cobbled_deepslate":3016,"minecraft:polished_andesite":16,"minecraft:dispenser":1,"minecraft:diamond":39,"iceandfire:lectern":2,"waystones:waystone":6,"minecraft:granite":368,"minecraft:bricks":2,"minecraft:oak_sapling":64,"iceandfire:silver_nugget":20,"gobber2:gobber2_goo":2,"minecraft:crafting_table":12,"minecraft:chicken":2,"minecraft:ladder":1,"minecraft:clay_ball":20,"minecraft:shield":1,"minecraft:cornflower":5,"minecraft:oak_trapdoor":7,"iceandfire:graveyard_soil":1,"iceandfire:bestiary":2,"minecraft:beef":16,"minecraft:observer":1,"minecraft:poppy":3,"iceandfire:dragonbone":1,"securitycraft:reinforced_cobblestone":124,"supernatural:iron_haunted_helmet":1,"minecraft:oak_door":4,"quark:green_crystal":4,"minecraft:carrot":136,"minecraft:redstone":380,"iceandfire:silver_ingot":1,"minecraft:arrow":3,"quark:violet_crystal":3,"minecraft:beetroot_seeds":11,"quark:smooth_basalt":110,"minecraft:hay_block":20,"everlastingabilities:ability_bottle":1,"quark:polished_deepslate":95,"minecraft:mutton":3,"minecraft:skeleton_skull":1,"minecraft:white_wool":30,"minecraft:oxeye_daisy":2,"minecraft:leather":9,"minecraft:oak_log":288,"iceandfire:ectoplasm":3,"minecraft:yellow_bed":11,"minecraft:cobblestone_wall":2,"minecraft:gunpowder":53,"minecraft:cobblestone_stairs":15,"quark:limestone":14,"minecraft:blue_bed":8,"minecraft:apple":10,"minecraft:stone_bricks":5,"iceandfire:pixie_jar_empty":1,"minecraft:iron_ingot":4,"minecraft:oak_fence_gate":10,"quark:tallow":14,"minecraft:iron_ore":293,"minecraft:book":15,"minecraft:oak_slab":1,"iceandfire:copper_nugget":28,"minecraft:sweet_berries":20,"minecraft:chiseled_stone_bricks":4,"minecraft:dandelion":1,"minecraft:gravel":416,"minecraft:spruce_door":2,"minecraft:blast_furnace":5,"minecraft:white_bed":14,"minecraft:spruce_log":64,"minecraft:gold_ore":32,"minecraft:spider_eye":2,"quark:oak_chest":1,"minecraft:purple_bed":1,"minecraft:slime_ball":9,"minecraft:iron_helmet":1,"gobber2:gobber2_goo_nether":1,"minecraft:coal":415,"minecraft:ender_pearl":2},"minecraft:mined":{"minecraft:white_bed":13,"minecraft:spruce_planks":76,"minecraft:farmland":13,"iceandfire:copper_pile":2,"minecraft:cobblestone_stairs":4,"minecraft:brewing_stand":1,"minecraft:granite":35,"minecraft:grass_block":113,"gobber2:gobber2_lucky_block":1,"iceandfire:lectern":1,"minecraft:composter":2,"minecraft:oxeye_daisy":1,"minecraft:red_stained_glass_pane":1,"minecraft:spawner":1,"minecraft:smooth_stone":4,"minecraft:tall_seagrass":1,"gobber2:gobber2_ore":24,"minecraft:glowstone":1,"minecraft:iron_ore":162,"minecraft:fire":35,"quark:violet_crystal_cluster":1,"minecraft:fletching_table":5,"minecraft:anvil":1,"iceandfire:gold_pile":3,"minecraft:oak_stairs":2,"minecraft:iron_bars":1,"quark:limestone":14,"dead_guys_untitled_deep_dark_:cold_sculk":20,"minecraft:smoker":4,"minecraft:clay":5,"minecraft:torch":22,"minecraft:blast_furnace":5,"minecraft:poppy":1,"quark:stone_speleothem":1,"iceandfire:ghost_chest":1,"minecraft:cobblestone":163,"minecraft:bricks":1,"minecraft:oak_planks":71,"minecraft:wall_torch":34,"minecraft:white_terracotta":4,"minecraft:skeleton_skull":1,"minecraft:seagrass":14,"minecraft:wheat":27,"minecraft:stone_brick_stairs":10,"minecraft:wither_rose":1,"minecraft:grass":121,"minecraft:oak_log":283,"minecraft:beetroots":3,"minecraft:oak_fence_gate":6,"minecraft:sand":38,"minecraft:dirt":284,"minecraft:oak_leaves":35,"biomesoplenty:reed":40,"quark:green_crystal":3,"minecraft:diamond_ore":19,"biomesoplenty:watergrass":69,"minecraft:mossy_cobblestone":12,"minecraft:oak_door":2,"quark:cobbled_deepslate":3,"minecraft:spruce_leaves":5,"minecraft:large_fern":1,"minecraft:hay_block":20,"minecraft:black_stained_glass_pane":1,"minecraft:redstone_ore":17,"minecraft:oak_trapdoor":7,"minecraft:furnace":1,"minecraft:carrots":23,"iceandfire:copper_ore":3,"quark:violet_crystal":3,"minecraft:andesite":46,"minecraft:stripped_spruce_log":1,"quark:smooth_basalt":34,"minecraft:bookshelf":5,"minecraft:potatoes":7,"minecraft:vine":1,"minecraft:stripped_oak_log":1,"minecraft:stone":1700,"iceandfire:podium_spruce":1,"minecraft:white_wool":6,"iceandfire:pixie_jar_empty":1,"minecraft:podzol":1,"minecraft:oak_slab":1,"minecraft:glass_pane":8,"quark:polished_deepslate":47,"quark:oak_chest":2,"minecraft:spruce_door":2,"minecraft:oak_fence":37,"minecraft:crafting_table":11,"minecraft:tall_grass":51,"minecraft:lapis_ore":11,"minecraft:diorite":29,"minecraft:blue_bed":8,"minecraft:spruce_stairs":3,"minecraft:purple_bed":1,"quark:green_crystal_cluster":2,"minecraft:sweet_berry_bush":9,"minecraft:spruce_log":65,"minecraft:yellow_bed":8,"quark:deepslate":1171,"minecraft:grass_path":19,"new_xp_ore:xp_ore":4,"minecraft:coal_ore":180,"iceandfire:silver_pile":3,"minecraft:gravel":127,"minecraft:polished_andesite":8,"minecraft:stone_bricks":1,"minecraft:mossy_stone_bricks":1,"minecraft:gold_ore":15,"luckytntmod:gunpowder_ore":13,"minecraft:fern":1,"luckytntmod:uranium_ore":4,"quark:root":2},"minecraft:broken":{"minecraft:stone_pickaxe":2,"securitycraft:universal_block_reinforcer_lvl1":2,"minecraft:shield":1},"minecraft:dropped":{"minecraft:gold_ore":2,"minecraft:lapis_lazuli":190,"minecraft:cooked_beef":16,"minecraft:oak_log":10,"minecraft:crafting_table":1,"quark:polished_deepslate":3,"minecraft:cooked_porkchop":3,"relics:ice_skates":2,"minecraft:leather":5,"iceandfire:ectoplasm":3,"everlastingabilities:ability_totem":1,"relics:squire_bag":1,"minecraft:flint":56,"iceandfire:graveyard_soil":1,"minecraft:cobblestone_stairs":12,"minecraft:dirt":816,"luckytntmod:uranium_ore":5,"gobber2:gobber2_goo_nether":1,"iceandfire:pixie_jar_empty":1,"minecraft:dispenser":1,"minecraft:cornflower":5,"quark:cobbled_deepslate":2151,"minecraft:gold_nugget":18,"quark:violet_crystal":3,"minecraft:bone_meal":3,"gobber2:gobber2_goo":2,"securitycraft:reinforced_dirt":2,"minecraft:iron_pickaxe":1,"gobber2:gobber2_gooey_bread":1,"minecraft:white_wool":2,"quark:oak_chest":1,"minecraft:armor_stand":1,"minecraft:bone":5,"minecraft:oak_door":3,"minecraft:gravel":343,"iceandfire:stymphalian_bird_feather":8,"supernatural:iron_haunted_helmet":1,"quark:tallow":8,"minecraft:stone_axe":1,"quark:root_item":2,"quark:green_crystal":4,"minecraft:wheat":49,"minecraft:beetroot":3,"minecraft:rotten_flesh":38,"minecraft:oak_planks":40,"minecraft:glowstone_dust":2,"minecraft:white_bed":5,"iceandfire:copper_ore":4,"minecraft:carrot":136,"minecraft:chiseled_stone_bricks":4,"minecraft:poppy":3,"minecraft:oak_fence_gate":8,"securitycraft:reinforced_oak_planks":21,"iceandfire:ghost_chest":1,"minecraft:gunpowder":13,"gobber2:gobber2_ore":6,"minecraft:beetroot_seeds":11,"iceandfire:bestiary":2,"securitycraft:reinforced_oak_slab":6,"minecraft:iron_ore":11,"minecraft:arrow":3,"minecraft:stone_brick_stairs":28,"iceandfire:manuscript":17,"minecraft:enchanted_book":2,"minecraft:bread":44,"minecraft:stripped_spruce_log":1,"minecraft:oak_slab":5,"minecraft:wheat_seeds":108,"minecraft:mossy_cobblestone":23,"minecraft:oak_fence":37,"minecraft:iron_helmet":2,"minecraft:feather":2,"minecraft:cobblestone":6932,"minecraft:observer":1,"supertools:hammeriron":1,"minecraft:apple":15,"minecraft:granite":363,"minecraft:spruce_door":3,"minecraft:spruce_stairs":6,"minecraft:grass_block":1,"minecraft:coal":42,"minecraft:polished_andesite":16,"minecraft:stick":54,"minecraft:oxeye_daisy":1,"iceandfire:podium_spruce":2,"minecraft:diorite":242,"iceandfire:copper_nugget":28,"minecraft:torch":1,"minecraft:wooden_axe":1,"minecraft:iron_leggings":2,"minecraft:oak_stairs":4,"minecraft:wither_rose":3,"quark:green_crystal_cluster":4,"minecraft:iron_axe":5,"minecraft:iron_shovel":1,"minecraft:string":3,"minecraft:dandelion":1,"minecraft:redstone":272,"iceandfire:dragonbone":1,"iceandfire:silver_nugget":11,"minecraft:bricks":2,"minecraft:sweet_berries":8,"minecraft:oak_trapdoor":1,"minecraft:cobblestone_wall":2,"minecraft:composter":3,"gobber2:gobber2_gooey_beef":2,"quark:violet_crystal_cluster":5,"minecraft:clay_ball":20,"iceandfire:silver_ore":6,"minecraft:iron_boots":4,"minecraft:iron_hoe":1,"securitycraft:reinforced_cobblestone":41,"minecraft:white_terracotta":17,"quark:smooth_basalt":99,"minecraft:potato":9,"minecraft:shield":2,"minecraft:spruce_planks":69,"minecraft:iron_chestplate":2,"minecraft:yellow_bed":7,"minecraft:andesite":454,"minecraft:purple_bed":1,"iceandfire:silver_ingot":2,"minecraft:oak_sapling":51,"minecraft:stone_bricks":4,"iceandfire:lectern":2,"minecraft:spider_eye":2,"minecraft:slime_ball":2,"minecraft:stone_pickaxe":1,"minecraft:wooden_pickaxe":1},"minecraft:killed":{"minecraft:spider":6,"minecraft:skeleton":8,"minecraft:chicken":2,"minecraft:parrot":2,"minecraft:pig":8,"minecraft:creeper":1,"minecraft:sheep":2,"minecraft:zombie":32,"minecraft:cow":7,"supernatural:possessed_armor":1,"minecraft:slime":15,"minecraft:squid":2,"minecraft:enderman":2},"minecraft:used":{"minecraft:iron_shovel":71,"quark:cobbled_deepslate":97,"minecraft:ladder":55,"minecraft:shield":139,"quark:limestone":14,"minecraft:glass":4,"gobber2:gobber2_hammer":1426,"minecraft:stone_bricks":1,"quark:smooth_basalt":11,"minecraft:sweet_berries":12,"minecraft:oak_sapling":1,"minecraft:furnace":2,"quark:polished_deepslate":652,"minecraft:potato":18,"minecraft:mossy_stone_bricks":1,"minecraft:diorite":3,"minecraft:spruce_door":2,"luckytntmod:uranium_ore":3,"minecraft:stone_pickaxe":281,"minecraft:oak_planks":73,"minecraft:wooden_pickaxe":10,"minecraft:blue_bed":8,"minecraft:composter":1,"minecraft:white_wool":6,"minecraft:golden_apple":1,"supertools:hammeriron":175,"minecraft:sand":4,"gobber2:gobber2_ore":1,"minecraft:blast_furnace":6,"securitycraft:universal_block_remover":39,"securitycraft:reinforced_oak_slab":31,"waystones:waystone":4,"minecraft:bread":25,"gobber2:gobber2_axe":576,"minecraft:gravel":45,"minecraft:andesite":15,"mining_dimension:teleporter":1,"minecraft:oak_fence":75,"minecraft:oak_trapdoor":15,"minecraft:iron_bars":1,"minecraft:flint_and_steel":56,"minecraft:armor_stand":1,"minecraft:spruce_planks":128,"minecraft:cooked_chicken":2,"minecraft:oak_door":1,"minecraft:torch":538,"minecraft:brewing_stand":1,"minecraft:dirt":733,"minecraft:anvil":2,"minecraft:granite":5,"minecraft:oak_fence_gate":6,"minecraft:iron_hoe":89,"minecraft:wooden_axe":24,"quark:spruce_chest":2,"minecraft:iron_axe":393,"gobber2:gobber2_staff_ensnarement":5,"minecraft:cooked_mutton":3,"minecraft:water_bucket":65,"minecraft:iron_ore":4,"securitycraft:reinforced_oak_planks":428,"minecraft:cobblestone_stairs":3,"securitycraft:reinforced_cobblestone":83,"minecraft:fletching_table":6,"minecraft:oak_slab":1,"minecraft:crafting_table":13,"minecraft:white_bed":12,"toolleveling:tool_leveling_table":1,"minecraft:spruce_log":65,"minecraft:smoker":5,"minecraft:oak_log":213,"minecraft:diamond_pickaxe":208,"minecraft:oxeye_daisy":1,"minecraft:iron_pickaxe":567,"minecraft:stone_axe":4,"minecraft:cobblestone":912,"travelersbackpack:standard":4,"minecraft:cooked_porkchop":16,"minecraft:bucket":67,"minecraft:glass_pane":1,"minecraft:yellow_bed":4,"quark:oak_chest":2,"securitycraft:reinforced_oak_stairs":18,"gobber2:gobber2_excavator":339},"minecraft:killed_by":{"minecraft:zombie":6,"minecraft:enderman":1,"mutantbeasts:mutant_skeleton":2,"minecraft:slime":2,"minecraft:skeleton":2},"minecraft:custom":{"minecraft:animals_bred":2,"minecraft:interact_with_crafting_table":112,"minecraft:bell_ring":4,"minecraft:leave_game":3,"minecraft:time_since_death":4480,"minecraft:sprint_one_cm":1289895,"minecraft:damage_blocked_by_shield":4905,"minecraft:drop":760,"minecraft:talked_to_villager":5,"minecraft:deaths":15,"minecraft:jump":3809,"minecraft:walk_on_water_one_cm":46801,"minecraft:interact_with_furnace":15,"minecraft:traded_with_villager":2,"minecraft:play_one_minute":424022,"minecraft:sleep_in_bed":19,"minecraft:waystone_activated":6,"minecraft:damage_dealt":33139,"minecraft:crouch_one_cm":27265,"minecraft:interact_with_smoker":35,"minecraft:interact_with_anvil":4,"minecraft:mob_kills":92,"minecraft:climb_one_cm":66545,"minecraft:walk_one_cm":1356283,"minecraft:sneak_time":12430,"minecraft:walk_under_water_one_cm":4475,"minecraft:interact_with_blast_furnace":119,"minecraft:time_since_rest":4509,"minecraft:damage_absorbed":40,"minecraft:damage_taken":8227,"minecraft:swim_one_cm":18382,"minecraft:fly_one_cm":839750,"minecraft:open_chest":285,"minecraft:fall_one_cm":98215},"minecraft:crafted":{"minecraft:black_dye":4,"minecraft:smooth_stone":3,"minecraft:oak_planks":1076,"gobber2:gobber2_leggings":1,"minecraft:cooked_chicken":2,"minecraft:stone":3,"gobber2:gobber2_chestplate":1,"securitycraft:reinforced_oak_slab":30,"minecraft:cooked_mutton":3,"securitycraft:laser_block":3,"minecraft:glass":27,"supertools:hammeriron":1,"minecraft:iron_boots":1,"minecraft:oak_fence":75,"minecraft:smoker":1,"minecraft:oak_slab":12,"minecraft:emerald":2,"gobber2:gobber2_ingot":51,"minecraft:cooked_porkchop":19,"minecraft:crafting_table":2,"minecraft:spruce_planks":256,"travelersbackpack:standard":1,"gobber2:gobber2_hammer":1,"gobber2:gobber2_axe":1,"minecraft:wooden_pickaxe":1,"minecraft:iron_helmet":1,"minecraft:spruce_door":3,"gobber2:gobber2_rod":8,"minecraft:fletching_table":1,"quark:polished_deepslate":764,"gobber2:gobber2_excavator":1,"minecraft:iron_chestplate":1,"minecraft:diamond_pickaxe":1,"minecraft:shield":3,"minecraft:stick":404,"quark:oak_chest":3,"minecraft:iron_ingot":278,"minecraft:iron_pickaxe":13,"minecraft:iron_block":7,"minecraft:gold_ingot":32,"minecraft:composter":1,"minecraft:shears":2,"securitycraft:universal_block_reinforcer_lvl1":3,"minecraft:redstone":18,"mining_dimension:teleporter":1,"minecraft:furnace":3,"minecraft:blast_furnace":1,"minecraft:bone_meal":3,"minecraft:oak_trapdoor":24,"minecraft:glass_pane":16,"minecraft:flint_and_steel":1,"gobber2:gobber2_helmet":1,"gobber2:gobber2_glob":50,"travelersbackpack:white_sleeping_bag":1,"securitycraft:universal_block_remover":1,"minecraft:iron_axe":5,"minecraft:ladder":56,"minecraft:iron_hoe":1,"gobber2:gobber2_boots":1,"minecraft:stone_pickaxe":4,"minecraft:redstone_block":12,"quark:spruce_chest":2,"toolleveling:tool_leveling_table":1,"minecraft:wheat":180,"minecraft:cooked_beef":16,"iceandfire:silver_ingot":1,"travelersbackpack:backpack_tank":2,"minecraft:bucket":2,"minecraft:stone_axe":1,"minecraft:bread":57,"minecraft:air":0,"gobber2:gobber2_staff_ensnarement":1,"minecraft:oak_fence_gate":4,"minecraft:golden_apple":1,"minecraft:oak_stairs":40,"minecraft:wooden_axe":1,"minecraft:iron_shovel":1,"minecraft:iron_leggings":1,"minecraft:anvil":1,"minecraft:white_bed":3,"minecraft:torch":488}},"DataVersion":2586}