{"stats":{"minecraft:picked_up":{"minecraft:diorite":1,"gobber2:gobber2_ore":5,"minecraft:lapis_lazuli":20,"quark:cobblestone_bricks":1,"minecraft:iron_ore":8,"everlastingabilities:ability_bottle":2,"minecraft:iron_pickaxe":1,"minecraft:sugar_cane":8,"minecraft:coal":26,"minecraft:cobblestone":13,"minecraft:diamond_pickaxe":1},"minecraft:dropped":{"quark:cobblestone_bricks":1,"everlastingabilities:ability_bottle":2,"minecraft:stick":132},"minecraft:mined":{"biomesoplenty:watergrass":1,"gobber2:gobber2_ore":5,"minecraft:iron_ore":8,"new_xp_ore:xp_ore":3,"biomesoplenty:bush":1,"minecraft:coal_ore":26,"minecraft:tall_grass":2,"minecraft:spruce_leaves":1,"minecraft:lapis_ore":3,"minecraft:stone":14,"minecraft:sugar_cane":4,"minecraft:diorite":1,"minecraft:oak_leaves":1},"minecraft:crafted":{"gobber2:gobber2_glob":5,"gobber2:gobber2_ingot":3,"minecraft:iron_axe":1,"minecraft:spruce_planks":256,"minecraft:stick":136,"minecraft:iron_ingot":12,"minecraft:gold_ingot":2,"minecraft:air":0},"minecraft:killed_by":{"minecraft:stray":1,"minecraft:creeper":1},"minecraft:used":{"minecraft:diorite":1,"minecraft:diamond_pickaxe":63,"minecraft:iron_axe":2,"minecraft:dirt":12,"minecraft:cobblestone":1},"minecraft:custom":{"minecraft:time_since_rest":60973,"minecraft:waystone_activated":1,"minecraft:interact_with_furnace":9,"minecraft:sprint_one_cm":66543,"minecraft:damage_taken":2617,"minecraft:walk_one_cm":62555,"minecraft:drop":6,"minecraft:damage_dealt":8,"minecraft:interact_with_crafting_table":4,"minecraft:swim_one_cm":3315,"minecraft:fly_one_cm":171386,"minecraft:open_chest":21,"minecraft:crouch_one_cm":2635,"minecraft:play_one_minute":71680,"minecraft:deaths":5,"minecraft:sneak_time":1815,"minecraft:walk_under_water_one_cm":1463,"minecraft:jump":494,"minecraft:walk_on_water_one_cm":3720,"minecraft:time_since_death":60951,"minecraft:sleep_in_bed":1,"minecraft:fall_one_cm":32766}},"DataVersion":2586}