{"stats":{"minecraft:picked_up":{"quark:cobblestone_bricks":1,"everlastingabilities:ability_bottle":2,"minecraft:iron_pickaxe":1,"minecraft:sugar_cane":8,"minecraft:diamond_pickaxe":1},"minecraft:dropped":{"quark:cobblestone_bricks":1,"everlastingabilities:ability_bottle":2},"minecraft:mined":{"biomesoplenty:watergrass":1,"minecraft:tall_grass":2,"minecraft:sugar_cane":4},"minecraft:killed_by":{"minecraft:stray":1,"minecraft:creeper":1},"minecraft:custom":{"minecraft:time_since_rest":36973,"minecraft:open_chest":2,"minecraft:play_one_minute":47680,"minecraft:crouch_one_cm":912,"minecraft:sprint_one_cm":40015,"minecraft:walk_one_cm":16413,"minecraft:damage_taken":2435,"minecraft:deaths":5,"minecraft:sneak_time":383,"minecraft:walk_under_water_one_cm":466,"minecraft:drop":3,"minecraft:jump":269,"minecraft:damage_dealt":8,"minecraft:time_since_death":36951,"minecraft:walk_on_water_one_cm":2837,"minecraft:sleep_in_bed":1,"minecraft:swim_one_cm":3315,"minecraft:fall_one_cm":28650,"minecraft:fly_one_cm":142095}},"DataVersion":2586}