{"stats":{"minecraft:picked_up":{"minecraft:diorite":1,"gobber2:gobber2_ore":5,"minecraft:lapis_lazuli":20,"quark:cobblestone_bricks":1,"minecraft:iron_ore":8,"everlastingabilities:ability_bottle":2,"minecraft:iron_pickaxe":1,"minecraft:sugar_cane":8,"minecraft:coal":26,"minecraft:cobblestone":13,"minecraft:diamond_pickaxe":1},"minecraft:dropped":{"quark:cobblestone_bricks":1,"everlastingabilities:ability_bottle":2},"minecraft:mined":{"biomesoplenty:watergrass":1,"gobber2:gobber2_ore":5,"minecraft:iron_ore":8,"minecraft:coal_ore":26,"minecraft:tall_grass":2,"minecraft:lapis_ore":3,"minecraft:stone":14,"minecraft:sugar_cane":4,"minecraft:diorite":1},"minecraft:crafted":{"gobber2:gobber2_glob":5,"gobber2:gobber2_ingot":3,"minecraft:spruce_planks":256,"minecraft:iron_ingot":12,"minecraft:gold_ingot":2,"minecraft:air":0},"minecraft:killed_by":{"minecraft:stray":1,"minecraft:creeper":1},"minecraft:used":{"minecraft:diorite":1,"minecraft:diamond_pickaxe":60},"minecraft:custom":{"minecraft:time_since_rest":48973,"minecraft:interact_with_furnace":8,"minecraft:sprint_one_cm":50204,"minecraft:damage_taken":2587,"minecraft:walk_one_cm":26284,"minecraft:drop":3,"minecraft:damage_dealt":8,"minecraft:interact_with_crafting_table":2,"minecraft:swim_one_cm":3315,"minecraft:fly_one_cm":150457,"minecraft:open_chest":10,"minecraft:crouch_one_cm":912,"minecraft:play_one_minute":59680,"minecraft:deaths":5,"minecraft:sneak_time":383,"minecraft:walk_under_water_one_cm":466,"minecraft:jump":320,"minecraft:walk_on_water_one_cm":2837,"minecraft:time_since_death":48951,"minecraft:sleep_in_bed":1,"minecraft:fall_one_cm":29550}},"DataVersion":2586}