{"stats":{"minecraft:custom":{"minecraft:time_since_rest":9256,"minecraft:waystone_activated":1,"minecraft:interact_with_furnace":9,"minecraft:sprint_one_cm":97308,"minecraft:damage_taken":3187,"minecraft:walk_one_cm":99822,"minecraft:mob_kills":1,"minecraft:drop":12,"minecraft:damage_dealt":143,"minecraft:swim_one_cm":3315,"minecraft:interact_with_crafting_table":5,"minecraft:fly_one_cm":198664,"minecraft:open_chest":30,"minecraft:play_one_minute":88494,"minecraft:crouch_one_cm":2635,"minecraft:sneak_time":1822,"minecraft:deaths":8,"minecraft:walk_under_water_one_cm":1618,"minecraft:jump":618,"minecraft:leave_game":1,"minecraft:time_since_death":9229,"minecraft:walk_on_water_one_cm":3910,"minecraft:sleep_in_bed":1,"minecraft:fall_one_cm":34914},"minecraft:picked_up":{"minecraft:stick":2,"minecraft:potato":1,"minecraft:spruce_sapling":5,"minecraft:diorite":1,"minecraft:spruce_log":193,"minecraft:wooden_hoe":2,"gobber2:gobber2_ore":5,"minecraft:lapis_lazuli":20,"quark:cobblestone_bricks":1,"minecraft:bone":1,"minecraft:arrow":2,"minecraft:iron_ore":8,"everlastingabilities:ability_bottle":2,"minecraft:iron_pickaxe":1,"minecraft:sugar_cane":8,"minecraft:coal":26,"minecraft:cobblestone":14,"minecraft:diamond_pickaxe":1},"minecraft:dropped":{"quark:cobblestone_bricks":1,"minecraft:wooden_hoe":3,"minecraft:spruce_log":65,"minecraft:arrow":1,"everlastingabilities:ability_bottle":2,"minecraft:stick":132},"minecraft:mined":{"biomesoplenty:watergrass":1,"gobber2:gobber2_ore":5,"minecraft:iron_ore":8,"minecraft:ice":1,"minecraft:spruce_log":65,"biomesoplenty:bush":1,"new_xp_ore:xp_ore":3,"minecraft:coal_ore":26,"minecraft:tall_grass":2,"minecraft:cobblestone":1,"minecraft:spruce_leaves":1,"minecraft:lapis_ore":3,"minecraft:stone":14,"minecraft:sugar_cane":4,"minecraft:diorite":1,"minecraft:oak_leaves":1},"minecraft:killed_by":{"minecraft:skeleton":2,"minecraft:stray":1,"minecraft:creeper":1},"minecraft:used":{"minecraft:diamond_pickaxe":64,"minecraft:wooden_hoe":29,"minecraft:water_bucket":1,"minecraft:diorite":1,"minecraft:iron_axe":4,"minecraft:spruce_sapling":4,"securitycraft:bucket_f_water":1,"minecraft:dirt":20,"minecraft:cobblestone":4,"minecraft:potato":12,"minecraft:spruce_log":65},"minecraft:crafted":{"gobber2:gobber2_glob":5,"gobber2:gobber2_ingot":3,"minecraft:wooden_hoe":1,"minecraft:iron_axe":1,"minecraft:spruce_planks":512,"minecraft:stick":136,"minecraft:iron_ingot":12,"minecraft:gold_ingot":2,"minecraft:air":0}},"DataVersion":2586}