{"stats":{"minecraft:picked_up":{"minecraft:iron_chestplate":1,"minecraft:wheat":11,"quark:cooked_frog_leg":2,"minecraft:stone_slab":1,"minecraft:enchanted_book":3,"securitycraft:reinforced_oak_planks":40,"minecraft:brewing_stand":1,"minecraft:golden_sword":2,"iceandfire:manuscript":9,"minecraft:string":10,"minecraft:iron_leggings":1,"minecraft:armor_stand":7,"minecraft:beetroot":1,"mining_dimension:teleporter":13,"minecraft:gold_nugget":36,"minecraft:smooth_stone":12,"minecraft:spruce_planks":35,"minecraft:redstone_torch":2,"minecraft:furnace":4,"minecraft:iron_boots":1,"minecraft:tipped_arrow":4,"minecraft:stick":66,"minecraft:composter":1,"minecraft:torch":56,"minecraft:snow_block":124,"minecraft:porkchop":5,"minecraft:diorite":198,"quark:clear_shard":6,"minecraft:rotten_flesh":10,"iceandfire:hippogryph_skull":3,"minecraft:obsidian":3,"minecraft:snowball":3991,"minecraft:cobblestone":3176,"minecraft:feather":9,"minecraft:andesite":99,"minecraft:potato":48,"minecraft:flint":13,"minecraft:lantern":1,"quark:frog_leg":2,"gobber2:gobber2_ore":68,"minecraft:map":10,"minecraft:lapis_lazuli":292,"minecraft:dirt":154,"minecraft:glass":60,"minecraft:bone":53,"minecraft:bow":9,"minecraft:wheat_seeds":35,"minecraft:bell":1,"everlastingabilities:ability_totem":4,"minecraft:grindstone":5,"minecraft:mossy_stone_bricks":1,"quark:cobblestone_bricks_slab":56,"minecraft:music_disc_13":1,"minecraft:poisonous_potato":2,"minecraft:sand":97,"iceandfire:stymphalian_bird_feather":14,"quark:cobblestone_bricks_stairs":122,"minecraft:diamond":28,"minecraft:spruce_boat":4,"waystones:waystone":6,"minecraft:cracked_polished_blackstone_bricks":2,"minecraft:granite":189,"minecraft:spruce_sign":1,"minecraft:bread":20,"minecraft:emerald":11,"iceandfire:silver_nugget":30,"minecraft:crafting_table":6,"minecraft:wooden_pickaxe":2,"minecraft:gold_block":2,"minecraft:large_fern":1,"minecraft:cracked_stone_bricks":2,"iceandfire:bestiary":2,"quark:spruce_chest":23,"minecraft:beef":23,"minecraft:iron_nugget":4,"minecraft:poppy":4,"minecraft:spruce_slab":130,"minecraft:light_gray_wool":2,"minecraft:lectern":2,"minecraft:sugar_cane":52,"minecraft:chest":2,"minecraft:egg":1,"minecraft:stone":28,"securitycraft:reinforced_cobblestone":62,"minecraft:carrot":49,"minecraft:redstone":585,"minecraft:iron_horse_armor":2,"minecraft:dark_oak_planks":2,"iceandfire:silver_ingot":2,"minecraft:arrow":20,"minecraft:beetroot_seeds":2,"relics:squire_bag":1,"minecraft:shears":2,"minecraft:hay_block":16,"everlastingabilities:ability_bottle":4,"minecraft:saddle":1,"minecraft:gold_ingot":33,"minecraft:mutton":26,"minecraft:white_wool":48,"minecraft:salmon":12,"gobber2:gobber2_ingot":5,"gobber2:gobber2_gooey_beefstew":1,"minecraft:leather":10,"minecraft:cobblestone_wall":1,"minecraft:cobblestone_stairs":1,"minecraft:paper":6,"minecraft:apple":7,"minecraft:stone_bricks":13,"minecraft:iron_ingot":3,"quark:tallow":3,"minecraft:iron_ore":268,"minecraft:book":30,"minecraft:emerald_block":1,"minecraft:sweet_berries":2,"minecraft:chiseled_stone_bricks":4,"minecraft:gravel":53,"minecraft:spruce_sapling":200,"minecraft:blast_furnace":2,"minecraft:spruce_log":728,"minecraft:gold_ore":70,"minecraft:spruce_door":1,"quark:cobblestone_bricks":161,"minecraft:purple_bed":4,"minecraft:iron_helmet":1,"minecraft:gray_wool":4,"minecraft:black_wool":1,"minecraft:coal":568,"minecraft:ender_pearl":1},"minecraft:mined":{"minecraft:dark_oak_planks":3,"minecraft:spruce_planks":1,"minecraft:brewing_stand":1,"minecraft:granite":58,"minecraft:grass_block":10,"gobber2:gobber2_lucky_block":1,"minecraft:cracked_polished_blackstone_bricks":2,"minecraft:chiseled_stone_bricks":4,"minecraft:smooth_stone":5,"gobber2:gobber2_ore":20,"minecraft:iron_ore":80,"minecraft:fire":3,"iceandfire:gold_pile":5,"minecraft:spruce_slab":57,"quark:cobblestone_bricks_stairs":117,"minecraft:torch":12,"quark:cobblestone_bricks":143,"minecraft:blast_furnace":2,"minecraft:chest":2,"minecraft:glass":2,"minecraft:cobblestone":18,"minecraft:grindstone":5,"minecraft:sugar_cane":8,"minecraft:wall_torch":32,"mining_dimension:teleporter":7,"biomesoplenty:maple_leaves":1,"minecraft:grass":6,"biomesoplenty:clover":3,"minecraft:sand":99,"minecraft:dirt":95,"minecraft:emerald_block":1,"minecraft:diamond_ore":16,"biomesoplenty:watergrass":2,"minecraft:redstone_wire":1,"minecraft:spruce_leaves":10,"minecraft:large_fern":1,"minecraft:hay_block":16,"minecraft:redstone_ore":28,"minecraft:furnace":4,"minecraft:snow":96,"minecraft:andesite":27,"minecraft:gold_block":1,"minecraft:bell":1,"minecraft:bookshelf":10,"minecraft:potatoes":9,"minecraft:stone":1552,"minecraft:glass_pane":1,"quark:polished_deepslate":1,"quark:oak_chest":1,"minecraft:snow_block":1518,"ba_bt:bt_land_spawner":3,"minecraft:crafting_table":6,"minecraft:lectern":2,"quark:cobblestone_bricks_slab":47,"minecraft:tall_grass":2,"biomesoplenty:huge_clover_petal":4,"minecraft:lapis_ore":11,"minecraft:diorite":87,"minecraft:purple_bed":4,"minecraft:sweet_berry_bush":1,"minecraft:spruce_log":646,"minecraft:coal_ore":182,"iceandfire:silver_pile":3,"quark:spruce_chest":23,"minecraft:gravel":50,"minecraft:cracked_stone_bricks":2,"minecraft:stone_bricks":13,"minecraft:mossy_stone_bricks":1,"minecraft:gold_ore":31},"minecraft:broken":{"minecraft:iron_shovel":5,"minecraft:stone_pickaxe":6,"minecraft:stone_axe":1,"minecraft:iron_axe":1,"minecraft:iron_pickaxe":3},"minecraft:dropped":{"minecraft:spruce_sign":1,"minecraft:crafting_table":1,"minecraft:lantern":1,"minecraft:iron_horse_armor":1,"everlastingabilities:ability_totem":3,"relics:squire_bag":1,"minecraft:music_disc_13":1,"minecraft:flint":9,"minecraft:cobblestone_stairs":1,"minecraft:cracked_polished_blackstone_bricks":1,"minecraft:dirt":28,"minecraft:large_fern":1,"minecraft:mutton":1,"minecraft:snowball":3267,"minecraft:iron_pickaxe":2,"minecraft:dark_oak_planks":2,"minecraft:white_wool":13,"minecraft:bone":4,"minecraft:armor_stand":2,"minecraft:gravel":31,"iceandfire:stymphalian_bird_feather":14,"quark:tallow":3,"minecraft:iron_nugget":2,"minecraft:wheat":11,"minecraft:beetroot":1,"minecraft:rotten_flesh":8,"minecraft:carrot":49,"minecraft:poppy":4,"securitycraft:reinforced_oak_planks":40,"minecraft:tipped_arrow":1,"minecraft:beetroot_seeds":2,"minecraft:chest":2,"minecraft:iron_ore":2,"minecraft:arrow":5,"iceandfire:manuscript":5,"minecraft:bread":7,"minecraft:wheat_seeds":35,"minecraft:poisonous_potato":2,"minecraft:iron_helmet":1,"minecraft:cobblestone":82,"minecraft:granite":67,"minecraft:spruce_door":1,"everlastingabilities:ability_bottle":1,"minecraft:coal":7,"minecraft:stick":2,"minecraft:gray_wool":2,"quark:clear_shard":2,"minecraft:diorite":98,"quark:cobblestone_bricks":14,"quark:cobblestone_bricks_slab":3,"minecraft:iron_leggings":1,"minecraft:iron_axe":1,"minecraft:string":10,"minecraft:iron_shovel":2,"minecraft:paper":2,"minecraft:spruce_sapling":6,"minecraft:redstone":66,"minecraft:snow_block":222,"minecraft:cobblestone_wall":1,"minecraft:composter":1,"minecraft:light_gray_wool":1,"minecraft:iron_boots":1,"minecraft:stone_slab":1,"securitycraft:reinforced_cobblestone":62,"minecraft:potato":2,"minecraft:shield":1,"minecraft:spruce_planks":3,"minecraft:iron_chestplate":1,"minecraft:diamond_pickaxe":1,"minecraft:andesite":99,"minecraft:stone_bricks":3,"minecraft:bow":3,"minecraft:wooden_pickaxe":3,"minecraft:bell":1},"minecraft:killed":{"iceandfire:hippogryph":1,"minecraft:skeleton":5,"minecraft:pig":2,"minecraft:salmon":12,"minecraft:sheep":19,"minecraft:zombie":6,"minecraft:stray":2,"minecraft:cow":11,"minecraft:slime":4,"quark:frog":2},"minecraft:used":{"minecraft:iron_shovel":1849,"quark:cobblestone_bricks_slab":79,"minecraft:spruce_slab":286,"minecraft:shield":80,"minecraft:snowball":3,"minecraft:spruce_boat":4,"minecraft:glass":86,"gobber2:gobber2_hammer":634,"minecraft:golden_sword":16,"minecraft:sweet_berries":2,"minecraft:furnace":6,"minecraft:egg":1,"minecraft:potato":20,"minecraft:mossy_stone_bricks":1,"minecraft:spruce_door":2,"minecraft:stone_pickaxe":786,"minecraft:ender_pearl":1,"minecraft:wooden_pickaxe":15,"minecraft:blast_furnace":3,"waystones:waystone":3,"minecraft:bread":21,"quark:cobblestone_bricks_stairs":261,"minecraft:grindstone":3,"minecraft:smithing_table":1,"minecraft:bone_meal":21,"mining_dimension:teleporter":5,"minecraft:flint_and_steel":3,"minecraft:armor_stand":5,"minecraft:spruce_planks":1,"minecraft:torch":198,"minecraft:brewing_stand":1,"minecraft:dirt":23,"minecraft:anvil":1,"minecraft:granite":6,"quark:spruce_chest":48,"minecraft:iron_axe":206,"stalwart_dungeons:diamond_hammer":400,"quark:cooked_frog_leg":2,"minecraft:cooked_mutton":8,"minecraft:water_bucket":35,"minecraft:snow_block":106,"quark:cobblestone_bricks":829,"minecraft:baked_potato":10,"minecraft:salmon":12,"minecraft:crafting_table":7,"minecraft:campfire":1,"minecraft:smoker":2,"minecraft:spruce_log":881,"minecraft:diamond_pickaxe":6,"minecraft:iron_pickaxe":752,"minecraft:spruce_sapling":40,"minecraft:stone_axe":49,"minecraft:cobblestone":285,"minecraft:purple_bed":4,"minecraft:porkchop":5,"minecraft:bucket":36},"minecraft:killed_by":{"minecraft:pillager":1,"minecraft:zombie":1,"minecraft:stray":1,"iceandfire:hippogryph":2,"minecraft:skeleton":12},"minecraft:custom":{"minecraft:interact_with_crafting_table":75,"minecraft:open_barrel":1,"minecraft:leave_game":15,"minecraft:time_since_death":896,"minecraft:sprint_one_cm":992867,"minecraft:damage_blocked_by_shield":4663,"minecraft:drop":349,"minecraft:talked_to_villager":3,"minecraft:deaths":17,"minecraft:jump":4505,"minecraft:walk_on_water_one_cm":28510,"minecraft:interact_with_furnace":80,"minecraft:play_one_minute":364178,"minecraft:sleep_in_bed":12,"minecraft:waystone_activated":5,"minecraft:damage_dealt":13584,"minecraft:crouch_one_cm":100602,"minecraft:interact_with_smithing_table":1,"minecraft:mob_kills":67,"minecraft:climb_one_cm":1191,"minecraft:walk_one_cm":774282,"minecraft:sneak_time":23342,"minecraft:walk_under_water_one_cm":19682,"minecraft:boat_one_cm":25095,"minecraft:interact_with_blast_furnace":11,"minecraft:time_since_rest":923,"minecraft:damage_taken":5674,"minecraft:swim_one_cm":32367,"minecraft:fly_one_cm":965961,"minecraft:open_chest":420,"minecraft:fall_one_cm":95283},"minecraft:crafted":{"minecraft:smooth_stone":8,"gobber2:gobber2_leggings":1,"quark:cobblestone_bricks_slab":156,"minecraft:stone":36,"gobber2:gobber2_chestplate":2,"minecraft:cooked_mutton":25,"minecraft:glass":47,"minecraft:iron_boots":1,"travelersbackpack:gray_sleeping_bag":1,"minecraft:smoker":2,"gobber2:gobber2_ingot":45,"minecraft:crafting_table":2,"minecraft:spruce_planks":680,"travelersbackpack:standard":1,"gobber2:gobber2_hammer":1,"minecraft:wooden_pickaxe":1,"minecraft:baked_potato":10,"minecraft:spruce_door":2,"minecraft:smithing_table":1,"gobber2:gobber2_rod":4,"minecraft:campfire":1,"gobber2:gobber2_excavator":1,"minecraft:diamond_pickaxe":1,"minecraft:shield":2,"minecraft:stick":80,"minecraft:iron_ingot":179,"minecraft:iron_pickaxe":4,"minecraft:iron_block":7,"minecraft:snow_block":208,"minecraft:gold_ingot":51,"minecraft:shears":1,"mining_dimension:teleporter":1,"minecraft:furnace":5,"minecraft:blast_furnace":1,"stalwart_dungeons:diamond_hammer":1,"minecraft:bone_meal":21,"minecraft:flint_and_steel":1,"gobber2:gobber2_helmet":1,"gobber2:gobber2_glob":54,"minecraft:iron_axe":4,"minecraft:spruce_slab":360,"quark:cobblestone_bricks":1444,"gobber2:gobber2_boots":1,"minecraft:stone_pickaxe":7,"minecraft:spruce_boat":2,"quark:spruce_chest":36,"quark:cobblestone_bricks_stairs":308,"iceandfire:silver_ingot":1,"minecraft:enchanting_table":1,"travelersbackpack:backpack_tank":2,"gobber2:gobber2_ring":1,"minecraft:bucket":1,"minecraft:stone_axe":1,"minecraft:air":0,"quark:spruce_bookshelf":9,"gobber2:gobber2_ring_attraction":1,"minecraft:iron_shovel":8,"minecraft:iron_leggings":1,"minecraft:anvil":1,"minecraft:torch":212}},"DataVersion":2586}