{"stats":{"minecraft:killed":{"iceandfire:hippogryph":1,"minecraft:zombie":3},"minecraft:mined":{"minecraft:snow_block":24,"minecraft:crafting_table":2,"quark:cobblestone_bricks":10,"minecraft:granite":19,"minecraft:grass_block":8,"minecraft:cobblestone":6,"minecraft:lapis_ore":5,"minecraft:diorite":28,"minecraft:wall_torch":1,"minecraft:purple_bed":2,"minecraft:redstone_ore":12,"minecraft:iron_ore":36,"minecraft:snow":1,"minecraft:spruce_log":66,"mining_dimension:teleporter":1,"minecraft:andesite":4,"biomesoplenty:maple_leaves":1,"minecraft:grass":2,"minecraft:coal_ore":95,"iceandfire:silver_pile":3,"iceandfire:gold_pile":5,"minecraft:dirt":34,"minecraft:stone":526,"minecraft:gold_ore":12},"minecraft:custom":{"minecraft:interact_with_furnace":9,"minecraft:mob_kills":6,"minecraft:interact_with_crafting_table":16,"minecraft:play_one_minute":57218,"minecraft:leave_game":2,"minecraft:time_since_death":23000,"minecraft:sleep_in_bed":2,"minecraft:climb_one_cm":299,"minecraft:time_since_rest":23027,"minecraft:waystone_activated":1,"minecraft:sprint_one_cm":112137,"minecraft:damage_taken":1056,"minecraft:walk_one_cm":80460,"minecraft:damage_blocked_by_shield":1494,"minecraft:drop":16,"minecraft:damage_dealt":1611,"minecraft:swim_one_cm":10828,"minecraft:talked_to_villager":2,"minecraft:fly_one_cm":132963,"minecraft:open_chest":22,"minecraft:crouch_one_cm":9961,"minecraft:deaths":3,"minecraft:sneak_time":2482,"minecraft:walk_under_water_one_cm":497,"minecraft:jump":868,"minecraft:walk_on_water_one_cm":2364,"minecraft:fall_one_cm":19467},"minecraft:broken":{"minecraft:stone_pickaxe":5},"minecraft:crafted":{"iceandfire:silver_ingot":1,"minecraft:crafting_table":1,"minecraft:spruce_planks":52,"minecraft:wooden_pickaxe":1,"mining_dimension:teleporter":1,"minecraft:furnace":1,"minecraft:stone_axe":1,"minecraft:air":0,"minecraft:flint_and_steel":1,"minecraft:iron_boots":1,"minecraft:shield":1,"quark:cobblestone_bricks":116,"minecraft:iron_axe":1,"minecraft:stick":32,"minecraft:iron_ingot":21,"minecraft:iron_pickaxe":1,"minecraft:stone_pickaxe":7,"minecraft:iron_shovel":1,"minecraft:iron_leggings":1,"minecraft:gold_ingot":4,"quark:spruce_chest":2,"minecraft:torch":68},"minecraft:picked_up":{"minecraft:crafting_table":2,"minecraft:feather":3,"minecraft:andesite":4,"minecraft:leather":1,"minecraft:wooden_pickaxe":2,"minecraft:enchanted_book":1,"minecraft:lapis_lazuli":32,"minecraft:dirt":56,"minecraft:armor_stand":1,"mining_dimension:teleporter":1,"minecraft:gold_nugget":36,"minecraft:iron_ore":36,"minecraft:stick":10,"minecraft:torch":1,"minecraft:spruce_sapling":10,"minecraft:diorite":28,"minecraft:spruce_log":62,"minecraft:redstone":53,"minecraft:gold_ore":11,"quark:cobblestone_bricks":10,"minecraft:purple_bed":2,"minecraft:rotten_flesh":3,"iceandfire:hippogryph_skull":1,"minecraft:granite":19,"everlastingabilities:ability_bottle":1,"iceandfire:silver_nugget":16,"minecraft:coal":95,"minecraft:snowball":97,"minecraft:cobblestone":528},"minecraft:dropped":{"minecraft:cobblestone":1,"minecraft:dirt":28,"minecraft:spruce_planks":3,"minecraft:snowball":97,"minecraft:wooden_pickaxe":3},"minecraft:used":{"minecraft:iron_shovel":53,"quark:cobblestone_bricks":126,"minecraft:armor_stand":1,"minecraft:stone_pickaxe":715,"minecraft:wooden_pickaxe":15,"minecraft:shield":13,"minecraft:torch":38,"minecraft:crafting_table":3,"minecraft:spruce_log":61,"quark:spruce_chest":2,"minecraft:bread":9,"minecraft:iron_pickaxe":24,"minecraft:stone_axe":24,"minecraft:golden_sword":16,"minecraft:cobblestone":122,"minecraft:purple_bed":2,"minecraft:furnace":1,"mining_dimension:teleporter":2},"minecraft:killed_by":{"minecraft:stray":1,"iceandfire:hippogryph":2}},"DataVersion":2586}