{"stats":{"minecraft:killed":{"iceandfire:hippogryph":1,"minecraft:zombie":3},"minecraft:custom":{"minecraft:interact_with_furnace":11,"minecraft:mob_kills":6,"minecraft:interact_with_crafting_table":21,"minecraft:play_one_minute":69218,"minecraft:leave_game":2,"minecraft:time_since_death":35000,"minecraft:sleep_in_bed":2,"minecraft:climb_one_cm":299,"minecraft:time_since_rest":35027,"minecraft:waystone_activated":1,"minecraft:sprint_one_cm":141489,"minecraft:damage_taken":1086,"minecraft:walk_one_cm":114735,"minecraft:damage_blocked_by_shield":1494,"minecraft:drop":46,"minecraft:damage_dealt":1611,"minecraft:swim_one_cm":10828,"minecraft:talked_to_villager":2,"minecraft:fly_one_cm":137674,"minecraft:open_chest":27,"minecraft:crouch_one_cm":26624,"minecraft:deaths":3,"minecraft:sneak_time":5642,"minecraft:walk_under_water_one_cm":497,"minecraft:jump":933,"minecraft:walk_on_water_one_cm":2364,"minecraft:fall_one_cm":20783},"minecraft:mined":{"quark:cobblestone_bricks_stairs":3,"minecraft:snow_block":145,"minecraft:crafting_table":2,"quark:cobblestone_bricks":35,"minecraft:granite":19,"minecraft:grass_block":8,"minecraft:cobblestone":6,"minecraft:lapis_ore":5,"minecraft:diorite":28,"minecraft:wall_torch":1,"minecraft:purple_bed":2,"minecraft:redstone_ore":12,"minecraft:iron_ore":43,"minecraft:snow":6,"minecraft:spruce_log":82,"mining_dimension:teleporter":1,"minecraft:andesite":4,"biomesoplenty:maple_leaves":1,"minecraft:grass":2,"minecraft:coal_ore":97,"iceandfire:silver_pile":3,"iceandfire:gold_pile":5,"minecraft:dirt":36,"minecraft:stone":588,"minecraft:gold_ore":17},"minecraft:broken":{"minecraft:stone_pickaxe":6},"minecraft:crafted":{"iceandfire:silver_ingot":1,"minecraft:crafting_table":1,"minecraft:spruce_planks":52,"minecraft:wooden_pickaxe":1,"mining_dimension:teleporter":1,"minecraft:furnace":2,"minecraft:stone_axe":1,"minecraft:air":0,"minecraft:flint_and_steel":1,"minecraft:iron_boots":1,"minecraft:shield":1,"quark:cobblestone_bricks":372,"minecraft:iron_axe":1,"minecraft:stick":32,"minecraft:iron_ingot":21,"minecraft:iron_pickaxe":1,"minecraft:stone_pickaxe":7,"minecraft:iron_shovel":1,"minecraft:iron_leggings":1,"minecraft:gold_ingot":4,"quark:spruce_chest":2,"quark:cobblestone_bricks_stairs":20,"minecraft:torch":68},"minecraft:picked_up":{"minecraft:crafting_table":2,"minecraft:feather":3,"minecraft:andesite":4,"minecraft:leather":1,"minecraft:wooden_pickaxe":2,"minecraft:enchanted_book":1,"minecraft:lapis_lazuli":32,"minecraft:dirt":58,"minecraft:armor_stand":1,"mining_dimension:teleporter":1,"minecraft:gold_nugget":36,"minecraft:iron_ore":43,"minecraft:stick":10,"minecraft:torch":1,"minecraft:spruce_sapling":10,"minecraft:diorite":28,"minecraft:spruce_log":78,"minecraft:redstone":53,"minecraft:gold_ore":17,"quark:cobblestone_bricks":35,"minecraft:purple_bed":2,"minecraft:rotten_flesh":3,"quark:cobblestone_bricks_stairs":3,"iceandfire:hippogryph_skull":1,"minecraft:granite":19,"everlastingabilities:ability_bottle":1,"iceandfire:silver_nugget":16,"minecraft:coal":97,"minecraft:snowball":503,"minecraft:cobblestone":591},"minecraft:dropped":{"minecraft:cobblestone":1,"minecraft:rotten_flesh":3,"minecraft:granite":19,"minecraft:coal":1,"minecraft:dirt":28,"minecraft:spruce_planks":3,"minecraft:andesite":4,"minecraft:snowball":490,"minecraft:wooden_pickaxe":3},"minecraft:used":{"minecraft:iron_shovel":180,"quark:cobblestone_bricks":375,"minecraft:armor_stand":1,"minecraft:stone_pickaxe":786,"minecraft:wooden_pickaxe":15,"minecraft:shield":13,"minecraft:torch":47,"minecraft:dirt":2,"minecraft:crafting_table":3,"minecraft:spruce_log":80,"quark:spruce_chest":2,"minecraft:bread":9,"quark:cobblestone_bricks_stairs":21,"minecraft:iron_pickaxe":58,"minecraft:stone_axe":40,"minecraft:golden_sword":16,"minecraft:cobblestone":124,"minecraft:purple_bed":2,"minecraft:furnace":2,"mining_dimension:teleporter":2},"minecraft:killed_by":{"minecraft:stray":1,"iceandfire:hippogryph":2}},"DataVersion":2586}