{"stats":{"minecraft:picked_up":{"minecraft:crafting_table":5,"quark:cooked_frog_leg":2,"minecraft:wooden_pickaxe":2,"minecraft:enchanted_book":2,"minecraft:golden_sword":2,"iceandfire:manuscript":4,"minecraft:armor_stand":5,"mining_dimension:teleporter":9,"iceandfire:bestiary":2,"quark:spruce_chest":14,"minecraft:gold_nugget":36,"minecraft:smooth_stone":7,"minecraft:spruce_planks":35,"minecraft:iron_nugget":4,"minecraft:poppy":4,"minecraft:spruce_slab":60,"minecraft:sugar_cane":26,"minecraft:furnace":4,"minecraft:tipped_arrow":3,"minecraft:stick":64,"minecraft:stone":28,"minecraft:torch":52,"minecraft:snow_block":124,"minecraft:porkchop":5,"minecraft:diorite":96,"minecraft:redstone":516,"iceandfire:silver_ingot":2,"minecraft:arrow":15,"minecraft:rotten_flesh":4,"minecraft:shears":1,"iceandfire:hippogryph_skull":3,"everlastingabilities:ability_bottle":3,"minecraft:gold_ingot":33,"minecraft:obsidian":2,"minecraft:mutton":5,"minecraft:snowball":3683,"minecraft:white_wool":8,"minecraft:cobblestone":2189,"minecraft:feather":9,"gobber2:gobber2_ingot":5,"minecraft:andesite":47,"minecraft:salmon":12,"minecraft:leather":3,"minecraft:potato":9,"minecraft:flint":8,"quark:frog_leg":2,"minecraft:cobblestone_wall":1,"minecraft:cobblestone_stairs":1,"gobber2:gobber2_ore":32,"minecraft:lapis_lazuli":210,"minecraft:map":10,"minecraft:dirt":117,"minecraft:paper":4,"minecraft:glass":60,"minecraft:bone":25,"minecraft:bow":8,"minecraft:iron_ingot":3,"minecraft:grindstone":2,"quark:tallow":3,"minecraft:iron_ore":182,"quark:cobblestone_bricks_slab":56,"minecraft:sweet_berries":2,"minecraft:gravel":11,"minecraft:sand":60,"minecraft:spruce_sapling":194,"minecraft:blast_furnace":2,"minecraft:spruce_log":703,"minecraft:gold_ore":35,"minecraft:spruce_door":1,"quark:cobblestone_bricks":155,"minecraft:purple_bed":4,"quark:cobblestone_bricks_stairs":111,"minecraft:diamond":14,"waystones:waystone":3,"minecraft:granite":104,"minecraft:bread":14,"minecraft:emerald":4,"iceandfire:silver_nugget":30,"minecraft:coal":455,"minecraft:ender_pearl":1},"minecraft:mined":{"minecraft:diamond_ore":13,"minecraft:spruce_planks":1,"minecraft:granite":47,"minecraft:grass_block":8,"minecraft:spruce_leaves":7,"minecraft:large_fern":1,"minecraft:redstone_ore":25,"gobber2:gobber2_ore":8,"minecraft:furnace":4,"minecraft:iron_ore":65,"minecraft:fire":3,"minecraft:snow":89,"minecraft:andesite":9,"iceandfire:gold_pile":5,"minecraft:stone":1225,"minecraft:spruce_slab":56,"quark:cobblestone_bricks_stairs":106,"minecraft:glass_pane":1,"minecraft:snow_block":1443,"minecraft:crafting_table":5,"minecraft:torch":12,"quark:cobblestone_bricks":137,"minecraft:blast_furnace":2,"minecraft:cobblestone":11,"quark:cobblestone_bricks_slab":47,"minecraft:lapis_ore":6,"minecraft:grindstone":2,"minecraft:sugar_cane":8,"minecraft:diorite":62,"minecraft:wall_torch":29,"minecraft:purple_bed":4,"minecraft:sweet_berry_bush":1,"minecraft:spruce_log":644,"mining_dimension:teleporter":6,"biomesoplenty:maple_leaves":1,"minecraft:grass":2,"minecraft:coal_ore":162,"iceandfire:silver_pile":3,"minecraft:sand":61,"quark:spruce_chest":14,"minecraft:gravel":14,"minecraft:dirt":60,"minecraft:gold_ore":21},"minecraft:broken":{"minecraft:iron_shovel":5,"minecraft:stone_pickaxe":6,"minecraft:iron_axe":1,"minecraft:stone_axe":1,"minecraft:iron_pickaxe":3},"minecraft:dropped":{"minecraft:bread":7,"minecraft:cobblestone":16,"minecraft:granite":46,"minecraft:spruce_door":1,"everlastingabilities:ability_bottle":1,"minecraft:coal":7,"minecraft:flint":4,"minecraft:cobblestone_stairs":1,"minecraft:dirt":28,"minecraft:diorite":60,"quark:cobblestone_bricks":14,"quark:cobblestone_bricks_slab":3,"minecraft:snowball":3263,"minecraft:iron_axe":1,"minecraft:iron_pickaxe":2,"minecraft:iron_shovel":1,"minecraft:redstone":64,"minecraft:bone":4,"minecraft:snow_block":222,"quark:tallow":3,"minecraft:iron_nugget":2,"minecraft:cobblestone_wall":1,"minecraft:rotten_flesh":4,"minecraft:poppy":4,"minecraft:tipped_arrow":1,"minecraft:spruce_planks":3,"minecraft:diamond_pickaxe":1,"minecraft:andesite":47,"minecraft:iron_ore":2,"minecraft:arrow":5,"minecraft:bow":3,"minecraft:wooden_pickaxe":3},"minecraft:killed":{"iceandfire:hippogryph":1,"minecraft:skeleton":4,"minecraft:pig":2,"minecraft:salmon":12,"quark:frog":2,"minecraft:sheep":4,"minecraft:zombie":3,"minecraft:stray":2},"minecraft:used":{"minecraft:iron_shovel":1659,"minecraft:flint_and_steel":3,"minecraft:armor_stand":5,"minecraft:spruce_slab":285,"quark:cobblestone_bricks_slab":79,"minecraft:spruce_planks":1,"minecraft:shield":35,"minecraft:torch":189,"minecraft:dirt":19,"minecraft:granite":6,"minecraft:snowball":3,"quark:spruce_chest":42,"minecraft:iron_axe":163,"stalwart_dungeons:diamond_hammer":261,"gobber2:gobber2_hammer":175,"quark:cooked_frog_leg":2,"minecraft:golden_sword":16,"minecraft:sweet_berries":2,"minecraft:furnace":6,"minecraft:cooked_mutton":5,"minecraft:water_bucket":35,"minecraft:spruce_door":2,"minecraft:snow_block":30,"quark:cobblestone_bricks":814,"minecraft:stone_pickaxe":786,"minecraft:ender_pearl":1,"minecraft:wooden_pickaxe":15,"minecraft:salmon":12,"minecraft:crafting_table":7,"minecraft:blast_furnace":2,"minecraft:campfire":1,"minecraft:spruce_log":879,"waystones:waystone":2,"minecraft:diamond_pickaxe":6,"minecraft:bread":21,"minecraft:iron_pickaxe":752,"quark:cobblestone_bricks_stairs":226,"minecraft:spruce_sapling":40,"minecraft:stone_axe":49,"minecraft:purple_bed":4,"minecraft:cobblestone":253,"minecraft:porkchop":5,"minecraft:grindstone":2,"minecraft:bucket":35,"mining_dimension:teleporter":4,"minecraft:bone_meal":21},"minecraft:killed_by":{"minecraft:stray":1,"iceandfire:hippogryph":2,"minecraft:skeleton":10},"minecraft:custom":{"minecraft:mob_kills":32,"minecraft:interact_with_crafting_table":61,"minecraft:leave_game":12,"minecraft:time_since_death":155921,"minecraft:climb_one_cm":598,"minecraft:sprint_one_cm":617059,"minecraft:damage_blocked_by_shield":2414,"minecraft:walk_one_cm":555675,"minecraft:drop":283,"minecraft:talked_to_villager":2,"minecraft:deaths":13,"minecraft:sneak_time":20500,"minecraft:walk_under_water_one_cm":19273,"minecraft:jump":2497,"minecraft:interact_with_blast_furnace":3,"minecraft:walk_on_water_one_cm":16696,"minecraft:interact_with_furnace":54,"minecraft:play_one_minute":255059,"minecraft:sleep_in_bed":10,"minecraft:time_since_rest":15115,"minecraft:waystone_activated":3,"minecraft:damage_taken":4194,"minecraft:damage_dealt":4395,"minecraft:swim_one_cm":30064,"minecraft:fly_one_cm":402301,"minecraft:open_chest":231,"minecraft:crouch_one_cm":91106,"minecraft:fall_one_cm":49435},"minecraft:crafted":{"minecraft:smooth_stone":8,"mining_dimension:teleporter":1,"quark:cobblestone_bricks_slab":156,"minecraft:furnace":2,"minecraft:stone":36,"stalwart_dungeons:diamond_hammer":1,"minecraft:bone_meal":21,"minecraft:cooked_mutton":5,"minecraft:flint_and_steel":1,"gobber2:gobber2_glob":4,"minecraft:glass":9,"minecraft:iron_boots":1,"minecraft:iron_axe":3,"minecraft:spruce_slab":360,"quark:cobblestone_bricks":1444,"minecraft:stone_pickaxe":7,"minecraft:spruce_boat":2,"quark:spruce_chest":36,"quark:cobblestone_bricks_stairs":308,"gobber2:gobber2_ingot":12,"iceandfire:silver_ingot":1,"minecraft:crafting_table":2,"minecraft:spruce_planks":532,"gobber2:gobber2_hammer":1,"minecraft:wooden_pickaxe":1,"gobber2:gobber2_ring":1,"minecraft:spruce_door":2,"gobber2:gobber2_rod":2,"minecraft:campfire":1,"minecraft:bucket":1,"minecraft:stone_axe":1,"minecraft:air":0,"minecraft:diamond_pickaxe":1,"minecraft:shield":1,"gobber2:gobber2_ring_attraction":1,"minecraft:stick":48,"minecraft:iron_ingot":83,"minecraft:iron_pickaxe":4,"minecraft:snow_block":132,"minecraft:iron_shovel":8,"minecraft:iron_leggings":1,"minecraft:gold_ingot":21,"minecraft:torch":212,"minecraft:shears":1}},"DataVersion":2586}