{"stats":{"minecraft:used":{"minecraft:bread":3},"minecraft:picked_up":{"minecraft:gold_nugget":36,"everlastingabilities:ability_bottle":1,"minecraft:spruce_log":5,"iceandfire:silver_nugget":16},"minecraft:custom":{"minecraft:time_since_rest":134,"minecraft:open_chest":7,"minecraft:waystone_activated":1,"minecraft:crouch_one_cm":24,"minecraft:play_one_minute":8042,"minecraft:sprint_one_cm":39050,"minecraft:damage_taken":40,"minecraft:walk_one_cm":10042,"minecraft:sneak_time":21,"minecraft:walk_under_water_one_cm":54,"minecraft:jump":252,"minecraft:damage_dealt":0,"minecraft:leave_game":1,"minecraft:walk_on_water_one_cm":125,"minecraft:time_since_death":8042,"minecraft:sleep_in_bed":1,"minecraft:climb_one_cm":299,"minecraft:swim_one_cm":1218,"minecraft:fall_one_cm":5740,"minecraft:fly_one_cm":59075},"minecraft:crafted":{"minecraft:spruce_planks":20},"minecraft:mined":{"minecraft:grass":2,"iceandfire:silver_pile":3,"iceandfire:gold_pile":5,"minecraft:spruce_log":5,"biomesoplenty:maple_leaves":1}},"DataVersion":2586}