{"stats":{"minecraft:used":{"minecraft:iron_shovel":25,"quark:cobblestone_bricks":126,"minecraft:armor_stand":1,"minecraft:stone_pickaxe":200,"minecraft:wooden_pickaxe":15,"minecraft:shield":7,"minecraft:torch":19,"minecraft:crafting_table":3,"minecraft:spruce_log":61,"quark:spruce_chest":2,"minecraft:bread":7,"minecraft:stone_axe":11,"minecraft:golden_sword":16,"minecraft:cobblestone":4,"minecraft:purple_bed":2,"minecraft:furnace":1,"mining_dimension:teleporter":1},"minecraft:broken":{"minecraft:stone_pickaxe":1},"minecraft:killed_by":{"minecraft:stray":1,"iceandfire:hippogryph":2},"minecraft:picked_up":{"minecraft:crafting_table":2,"minecraft:feather":3,"minecraft:leather":1,"minecraft:wooden_pickaxe":2,"minecraft:dirt":28,"minecraft:armor_stand":1,"minecraft:gold_nugget":36,"minecraft:iron_ore":19,"minecraft:stick":10,"minecraft:spruce_sapling":10,"minecraft:spruce_log":62,"quark:cobblestone_bricks":10,"minecraft:purple_bed":2,"iceandfire:hippogryph_skull":1,"everlastingabilities:ability_bottle":1,"iceandfire:silver_nugget":16,"minecraft:coal":32,"minecraft:snowball":97,"minecraft:cobblestone":153},"minecraft:dropped":{"minecraft:cobblestone":1,"minecraft:dirt":28,"minecraft:spruce_planks":3,"minecraft:snowball":97,"minecraft:wooden_pickaxe":3},"minecraft:custom":{"minecraft:interact_with_furnace":7,"minecraft:mob_kills":1,"minecraft:interact_with_crafting_table":15,"minecraft:play_one_minute":38042,"minecraft:leave_game":1,"minecraft:time_since_death":3824,"minecraft:sleep_in_bed":2,"minecraft:climb_one_cm":299,"minecraft:time_since_rest":3851,"minecraft:waystone_activated":1,"minecraft:sprint_one_cm":111631,"minecraft:damage_taken":989,"minecraft:walk_one_cm":53542,"minecraft:damage_blocked_by_shield":840,"minecraft:drop":16,"minecraft:damage_dealt":714,"minecraft:swim_one_cm":10828,"minecraft:talked_to_villager":2,"minecraft:fly_one_cm":132936,"minecraft:open_chest":18,"minecraft:crouch_one_cm":6485,"minecraft:deaths":3,"minecraft:sneak_time":1541,"minecraft:walk_under_water_one_cm":497,"minecraft:jump":833,"minecraft:walk_on_water_one_cm":2364,"minecraft:fall_one_cm":19467},"minecraft:killed":{"iceandfire:hippogryph":1},"minecraft:crafted":{"iceandfire:silver_ingot":1,"minecraft:crafting_table":1,"minecraft:spruce_planks":52,"minecraft:wooden_pickaxe":1,"mining_dimension:teleporter":1,"minecraft:furnace":1,"minecraft:stone_axe":1,"minecraft:air":0,"minecraft:flint_and_steel":1,"minecraft:iron_boots":1,"minecraft:shield":1,"quark:cobblestone_bricks":116,"minecraft:stick":32,"minecraft:iron_ingot":21,"minecraft:stone_pickaxe":7,"minecraft:iron_leggings":1,"minecraft:iron_shovel":1,"minecraft:gold_ingot":4,"quark:spruce_chest":2,"minecraft:torch":20},"minecraft:mined":{"minecraft:snow_block":24,"minecraft:crafting_table":2,"quark:cobblestone_bricks":10,"minecraft:grass_block":8,"minecraft:purple_bed":2,"minecraft:iron_ore":19,"minecraft:snow":1,"minecraft:spruce_log":66,"biomesoplenty:maple_leaves":1,"minecraft:grass":2,"minecraft:coal_ore":32,"iceandfire:silver_pile":3,"iceandfire:gold_pile":5,"minecraft:dirt":6,"minecraft:stone":153}},"DataVersion":2586}