{"stats":{"minecraft:picked_up":{"minecraft:crafting_table":3,"minecraft:wooden_pickaxe":2,"minecraft:enchanted_book":2,"minecraft:golden_sword":1,"iceandfire:manuscript":2,"minecraft:armor_stand":3,"mining_dimension:teleporter":9,"iceandfire:bestiary":1,"quark:spruce_chest":2,"minecraft:gold_nugget":36,"minecraft:spruce_planks":35,"minecraft:iron_nugget":2,"minecraft:poppy":4,"minecraft:spruce_slab":58,"minecraft:sugar_cane":26,"minecraft:furnace":2,"minecraft:tipped_arrow":3,"minecraft:stick":63,"minecraft:torch":45,"minecraft:snow_block":112,"minecraft:porkchop":5,"minecraft:diorite":96,"minecraft:redstone":286,"iceandfire:silver_ingot":1,"minecraft:arrow":15,"minecraft:rotten_flesh":4,"iceandfire:hippogryph_skull":2,"minecraft:shears":1,"everlastingabilities:ability_bottle":3,"minecraft:gold_ingot":18,"minecraft:obsidian":1,"minecraft:mutton":5,"minecraft:snowball":3173,"minecraft:white_wool":4,"minecraft:cobblestone":2189,"minecraft:feather":6,"gobber2:gobber2_ingot":4,"minecraft:andesite":47,"minecraft:salmon":12,"minecraft:leather":2,"minecraft:potato":9,"minecraft:flint":4,"quark:frog_leg":2,"minecraft:cobblestone_wall":1,"minecraft:cobblestone_stairs":1,"gobber2:gobber2_ore":18,"minecraft:lapis_lazuli":113,"minecraft:map":5,"minecraft:paper":2,"minecraft:dirt":102,"minecraft:bone":25,"minecraft:bow":7,"minecraft:grindstone":1,"quark:tallow":3,"minecraft:iron_ore":116,"quark:cobblestone_bricks_slab":19,"minecraft:sweet_berries":2,"minecraft:gravel":11,"minecraft:sand":60,"minecraft:spruce_sapling":134,"minecraft:blast_furnace":1,"minecraft:spruce_log":639,"minecraft:gold_ore":27,"minecraft:spruce_door":1,"quark:cobblestone_bricks":109,"minecraft:purple_bed":3,"quark:cobblestone_bricks_stairs":88,"minecraft:diamond":13,"waystones:waystone":2,"minecraft:granite":78,"minecraft:emerald":2,"minecraft:bread":14,"iceandfire:silver_nugget":23,"minecraft:coal":288,"minecraft:ender_pearl":1},"minecraft:dropped":{"minecraft:bread":7,"minecraft:cobblestone":16,"minecraft:granite":46,"minecraft:spruce_door":1,"everlastingabilities:ability_bottle":1,"minecraft:coal":7,"minecraft:cobblestone_stairs":1,"minecraft:dirt":28,"quark:cobblestone_bricks":6,"minecraft:snowball":2747,"minecraft:iron_axe":1,"minecraft:iron_pickaxe":1,"minecraft:iron_shovel":1,"minecraft:bone":4,"minecraft:snow_block":203,"minecraft:cobblestone_wall":1,"minecraft:rotten_flesh":4,"minecraft:poppy":4,"minecraft:tipped_arrow":1,"minecraft:spruce_planks":3,"minecraft:andesite":47,"minecraft:diamond_pickaxe":1,"minecraft:iron_ore":2,"minecraft:wooden_pickaxe":3,"minecraft:arrow":5,"minecraft:bow":3},"minecraft:killed":{"iceandfire:hippogryph":1,"minecraft:skeleton":4,"minecraft:pig":2,"minecraft:salmon":12,"quark:frog":2,"minecraft:sheep":4,"minecraft:zombie":3,"minecraft:stray":2},"minecraft:mined":{"minecraft:diamond_ore":13,"minecraft:spruce_planks":1,"minecraft:granite":47,"minecraft:grass_block":8,"minecraft:spruce_leaves":7,"minecraft:large_fern":1,"minecraft:redstone_ore":25,"gobber2:gobber2_ore":8,"minecraft:furnace":2,"minecraft:iron_ore":65,"minecraft:fire":3,"minecraft:snow":89,"minecraft:andesite":9,"iceandfire:gold_pile":5,"minecraft:stone":1225,"minecraft:spruce_slab":54,"quark:cobblestone_bricks_stairs":86,"minecraft:glass_pane":1,"minecraft:snow_block":1362,"minecraft:crafting_table":3,"minecraft:torch":12,"quark:cobblestone_bricks":104,"minecraft:blast_furnace":1,"quark:cobblestone_bricks_slab":15,"minecraft:cobblestone":11,"minecraft:lapis_ore":6,"minecraft:grindstone":1,"minecraft:sugar_cane":8,"minecraft:diorite":62,"minecraft:wall_torch":27,"minecraft:purple_bed":3,"minecraft:sweet_berry_bush":1,"minecraft:spruce_log":644,"mining_dimension:teleporter":6,"biomesoplenty:maple_leaves":1,"minecraft:grass":2,"minecraft:coal_ore":162,"iceandfire:silver_pile":3,"quark:spruce_chest":2,"minecraft:gravel":14,"minecraft:sand":61,"minecraft:dirt":60,"minecraft:gold_ore":21},"minecraft:crafted":{"minecraft:smooth_stone":8,"mining_dimension:teleporter":1,"quark:cobblestone_bricks_slab":156,"minecraft:furnace":2,"minecraft:stone":36,"stalwart_dungeons:diamond_hammer":1,"minecraft:bone_meal":21,"minecraft:cooked_mutton":5,"minecraft:flint_and_steel":1,"gobber2:gobber2_glob":4,"minecraft:glass":9,"minecraft:iron_boots":1,"minecraft:iron_axe":3,"minecraft:spruce_slab":360,"quark:cobblestone_bricks":1444,"minecraft:stone_pickaxe":7,"minecraft:spruce_boat":2,"quark:spruce_chest":4,"quark:cobblestone_bricks_stairs":308,"gobber2:gobber2_ingot":12,"iceandfire:silver_ingot":1,"minecraft:crafting_table":1,"minecraft:spruce_planks":272,"gobber2:gobber2_hammer":1,"minecraft:wooden_pickaxe":1,"gobber2:gobber2_ring":1,"minecraft:spruce_door":2,"gobber2:gobber2_rod":2,"minecraft:bucket":1,"minecraft:campfire":1,"minecraft:stone_axe":1,"minecraft:air":0,"minecraft:diamond_pickaxe":1,"minecraft:shield":1,"gobber2:gobber2_ring_attraction":1,"minecraft:stick":48,"minecraft:iron_ingot":46,"minecraft:iron_pickaxe":4,"minecraft:snow_block":120,"minecraft:iron_shovel":8,"minecraft:iron_leggings":1,"minecraft:gold_ingot":21,"minecraft:torch":212,"minecraft:shears":1},"minecraft:killed_by":{"minecraft:stray":1,"iceandfire:hippogryph":2,"minecraft:skeleton":10},"minecraft:broken":{"minecraft:iron_shovel":5,"minecraft:stone_pickaxe":6,"minecraft:iron_axe":1,"minecraft:stone_axe":1,"minecraft:iron_pickaxe":3},"minecraft:used":{"minecraft:iron_shovel":1578,"minecraft:flint_and_steel":3,"minecraft:armor_stand":3,"quark:cobblestone_bricks_slab":41,"minecraft:spruce_slab":285,"minecraft:spruce_planks":1,"minecraft:shield":35,"minecraft:torch":179,"minecraft:dirt":19,"minecraft:granite":6,"minecraft:snowball":3,"quark:spruce_chest":6,"minecraft:iron_axe":143,"stalwart_dungeons:diamond_hammer":171,"gobber2:gobber2_hammer":174,"minecraft:golden_sword":16,"minecraft:sweet_berries":2,"minecraft:furnace":4,"minecraft:cooked_mutton":5,"minecraft:water_bucket":35,"minecraft:spruce_door":2,"minecraft:snow_block":25,"quark:cobblestone_bricks":756,"minecraft:stone_pickaxe":786,"minecraft:ender_pearl":1,"minecraft:wooden_pickaxe":15,"minecraft:salmon":12,"minecraft:crafting_table":4,"minecraft:blast_furnace":1,"minecraft:campfire":1,"minecraft:spruce_log":879,"waystones:waystone":1,"minecraft:diamond_pickaxe":6,"minecraft:bread":21,"minecraft:iron_pickaxe":752,"quark:cobblestone_bricks_stairs":207,"minecraft:spruce_sapling":40,"minecraft:stone_axe":49,"minecraft:purple_bed":3,"minecraft:cobblestone":253,"minecraft:porkchop":5,"minecraft:grindstone":1,"minecraft:bucket":35,"mining_dimension:teleporter":4,"minecraft:bone_meal":21},"minecraft:custom":{"minecraft:mob_kills":32,"minecraft:interact_with_crafting_table":57,"minecraft:leave_game":10,"minecraft:time_since_death":129208,"minecraft:climb_one_cm":598,"minecraft:sprint_one_cm":576666,"minecraft:walk_one_cm":493143,"minecraft:damage_blocked_by_shield":2414,"minecraft:drop":234,"minecraft:talked_to_villager":2,"minecraft:deaths":13,"minecraft:sneak_time":16284,"minecraft:walk_under_water_one_cm":19273,"minecraft:jump":2406,"minecraft:interact_with_blast_furnace":2,"minecraft:walk_on_water_one_cm":16696,"minecraft:interact_with_furnace":47,"minecraft:play_one_minute":228346,"minecraft:sleep_in_bed":9,"minecraft:time_since_rest":25487,"minecraft:waystone_activated":2,"minecraft:damage_taken":4194,"minecraft:damage_dealt":4395,"minecraft:swim_one_cm":30064,"minecraft:fly_one_cm":397060,"minecraft:open_chest":170,"minecraft:crouch_one_cm":77501,"minecraft:fall_one_cm":48955}},"DataVersion":2586}