{"stats":{"minecraft:picked_up":{"minecraft:crafting_table":3,"minecraft:wooden_pickaxe":2,"minecraft:enchanted_book":2,"minecraft:golden_sword":1,"iceandfire:manuscript":2,"minecraft:armor_stand":3,"mining_dimension:teleporter":9,"iceandfire:bestiary":1,"quark:spruce_chest":2,"minecraft:gold_nugget":36,"minecraft:spruce_planks":35,"minecraft:iron_nugget":2,"minecraft:sugar_cane":8,"minecraft:furnace":2,"minecraft:tipped_arrow":3,"minecraft:stick":63,"minecraft:torch":13,"minecraft:snow_block":11,"minecraft:diorite":94,"minecraft:redstone":146,"iceandfire:silver_ingot":1,"minecraft:arrow":15,"minecraft:rotten_flesh":3,"iceandfire:hippogryph_skull":2,"minecraft:shears":1,"everlastingabilities:ability_bottle":3,"minecraft:gold_ingot":18,"minecraft:obsidian":1,"minecraft:snowball":939,"minecraft:cobblestone":1152,"minecraft:feather":6,"gobber2:gobber2_ingot":4,"minecraft:andesite":5,"minecraft:leather":2,"minecraft:potato":9,"minecraft:flint":4,"minecraft:cobblestone_wall":1,"minecraft:cobblestone_stairs":1,"gobber2:gobber2_ore":4,"minecraft:lapis_lazuli":64,"minecraft:map":5,"minecraft:paper":2,"minecraft:dirt":87,"minecraft:bone":25,"minecraft:bow":7,"minecraft:grindstone":1,"minecraft:iron_ore":52,"minecraft:sweet_berries":2,"minecraft:gravel":11,"minecraft:spruce_sapling":134,"minecraft:blast_furnace":1,"minecraft:spruce_log":638,"minecraft:gold_ore":19,"minecraft:spruce_door":1,"quark:cobblestone_bricks":60,"minecraft:purple_bed":3,"quark:cobblestone_bricks_stairs":10,"minecraft:diamond":13,"waystones:waystone":1,"minecraft:granite":45,"minecraft:emerald":2,"minecraft:bread":14,"iceandfire:silver_nugget":23,"minecraft:coal":202},"minecraft:dropped":{"minecraft:bread":7,"minecraft:cobblestone":16,"minecraft:granite":19,"minecraft:spruce_door":1,"everlastingabilities:ability_bottle":1,"minecraft:coal":7,"minecraft:cobblestone_stairs":1,"minecraft:dirt":28,"quark:cobblestone_bricks":3,"minecraft:snowball":809,"minecraft:iron_axe":1,"minecraft:iron_pickaxe":1,"minecraft:iron_shovel":1,"minecraft:bone":4,"minecraft:snow_block":7,"minecraft:cobblestone_wall":1,"minecraft:rotten_flesh":3,"minecraft:tipped_arrow":1,"minecraft:spruce_planks":3,"minecraft:diamond_pickaxe":1,"minecraft:andesite":4,"minecraft:arrow":5,"minecraft:bow":2,"minecraft:wooden_pickaxe":3},"minecraft:killed":{"iceandfire:hippogryph":1,"minecraft:skeleton":4,"minecraft:zombie":3,"minecraft:stray":2},"minecraft:mined":{"minecraft:diamond_ore":13,"minecraft:spruce_planks":1,"minecraft:granite":45,"minecraft:grass_block":8,"minecraft:spruce_leaves":2,"minecraft:large_fern":1,"minecraft:redstone_ore":21,"gobber2:gobber2_ore":4,"minecraft:furnace":2,"minecraft:iron_ore":52,"minecraft:fire":3,"minecraft:snow":60,"minecraft:andesite":5,"iceandfire:gold_pile":5,"minecraft:stone":1118,"quark:cobblestone_bricks_stairs":8,"minecraft:glass_pane":1,"minecraft:snow_block":220,"minecraft:crafting_table":3,"minecraft:torch":4,"quark:cobblestone_bricks":57,"minecraft:blast_furnace":1,"minecraft:cobblestone":7,"minecraft:lapis_ore":5,"minecraft:grindstone":1,"minecraft:diorite":58,"minecraft:wall_torch":7,"minecraft:purple_bed":3,"minecraft:sweet_berry_bush":1,"minecraft:spruce_log":643,"mining_dimension:teleporter":6,"biomesoplenty:maple_leaves":1,"minecraft:grass":2,"minecraft:coal_ore":141,"iceandfire:silver_pile":3,"quark:spruce_chest":2,"minecraft:gravel":13,"minecraft:dirt":45,"minecraft:gold_ore":19},"minecraft:crafted":{"minecraft:smooth_stone":8,"mining_dimension:teleporter":1,"minecraft:furnace":2,"minecraft:stone":36,"stalwart_dungeons:diamond_hammer":1,"minecraft:bone_meal":21,"minecraft:flint_and_steel":1,"gobber2:gobber2_glob":4,"minecraft:iron_boots":1,"minecraft:iron_axe":3,"quark:cobblestone_bricks":680,"minecraft:stone_pickaxe":7,"quark:spruce_chest":4,"quark:cobblestone_bricks_stairs":20,"gobber2:gobber2_ingot":12,"iceandfire:silver_ingot":1,"minecraft:crafting_table":1,"minecraft:spruce_planks":144,"gobber2:gobber2_hammer":1,"minecraft:wooden_pickaxe":1,"gobber2:gobber2_ring":1,"minecraft:spruce_door":2,"gobber2:gobber2_rod":2,"minecraft:bucket":1,"minecraft:campfire":1,"minecraft:stone_axe":1,"minecraft:air":0,"minecraft:diamond_pickaxe":1,"minecraft:shield":1,"gobber2:gobber2_ring_attraction":1,"minecraft:stick":44,"minecraft:iron_ingot":46,"minecraft:iron_pickaxe":4,"minecraft:snow_block":12,"minecraft:iron_leggings":1,"minecraft:iron_shovel":2,"minecraft:gold_ingot":21,"minecraft:torch":124,"minecraft:shears":1},"minecraft:broken":{"minecraft:stone_pickaxe":6,"minecraft:iron_axe":1,"minecraft:stone_axe":1,"minecraft:iron_pickaxe":3},"minecraft:killed_by":{"minecraft:stray":1,"iceandfire:hippogryph":2,"minecraft:skeleton":10},"minecraft:used":{"minecraft:iron_shovel":330,"minecraft:flint_and_steel":3,"minecraft:armor_stand":1,"minecraft:spruce_planks":1,"minecraft:shield":35,"minecraft:torch":124,"minecraft:dirt":19,"quark:spruce_chest":6,"minecraft:iron_axe":82,"stalwart_dungeons:diamond_hammer":9,"gobber2:gobber2_hammer":3,"minecraft:golden_sword":16,"minecraft:sweet_berries":2,"minecraft:furnace":4,"minecraft:spruce_door":2,"minecraft:snow_block":8,"quark:cobblestone_bricks":471,"minecraft:stone_pickaxe":786,"minecraft:wooden_pickaxe":15,"minecraft:crafting_table":4,"minecraft:campfire":1,"minecraft:spruce_log":845,"minecraft:diamond_pickaxe":6,"minecraft:bread":21,"minecraft:iron_pickaxe":752,"quark:cobblestone_bricks_stairs":28,"minecraft:spruce_sapling":40,"minecraft:stone_axe":49,"minecraft:purple_bed":3,"minecraft:cobblestone":242,"minecraft:bucket":1,"mining_dimension:teleporter":4,"minecraft:bone_meal":21},"minecraft:custom":{"minecraft:mob_kills":12,"minecraft:interact_with_crafting_table":43,"minecraft:leave_game":5,"minecraft:time_since_death":48705,"minecraft:climb_one_cm":598,"minecraft:sprint_one_cm":381179,"minecraft:walk_one_cm":246079,"minecraft:damage_blocked_by_shield":2414,"minecraft:drop":88,"minecraft:talked_to_villager":2,"minecraft:deaths":13,"minecraft:sneak_time":11698,"minecraft:walk_under_water_one_cm":914,"minecraft:jump":1672,"minecraft:walk_on_water_one_cm":4198,"minecraft:interact_with_furnace":34,"minecraft:play_one_minute":147843,"minecraft:sleep_in_bed":6,"minecraft:time_since_rest":1545,"minecraft:waystone_activated":1,"minecraft:damage_taken":4094,"minecraft:damage_dealt":2935,"minecraft:swim_one_cm":15863,"minecraft:fly_one_cm":263761,"minecraft:open_chest":110,"minecraft:crouch_one_cm":57688,"minecraft:fall_one_cm":36241}},"DataVersion":2586}