{"stats":{"minecraft:picked_up":{"minecraft:crafting_table":5,"quark:cooked_frog_leg":2,"minecraft:wooden_pickaxe":2,"minecraft:enchanted_book":3,"minecraft:golden_sword":2,"iceandfire:manuscript":4,"minecraft:armor_stand":5,"mining_dimension:teleporter":13,"iceandfire:bestiary":2,"quark:spruce_chest":18,"minecraft:gold_nugget":36,"minecraft:smooth_stone":7,"minecraft:spruce_planks":35,"minecraft:iron_nugget":4,"minecraft:poppy":4,"minecraft:spruce_slab":130,"minecraft:sugar_cane":52,"minecraft:furnace":4,"minecraft:tipped_arrow":4,"minecraft:stick":64,"minecraft:stone":28,"minecraft:torch":52,"minecraft:snow_block":124,"minecraft:porkchop":5,"minecraft:diorite":96,"minecraft:redstone":516,"iceandfire:silver_ingot":2,"minecraft:arrow":20,"minecraft:rotten_flesh":4,"minecraft:shears":2,"iceandfire:hippogryph_skull":3,"everlastingabilities:ability_bottle":4,"minecraft:gold_ingot":33,"minecraft:obsidian":2,"minecraft:mutton":5,"minecraft:snowball":3989,"minecraft:white_wool":8,"minecraft:cobblestone":2189,"minecraft:feather":9,"gobber2:gobber2_ingot":5,"minecraft:andesite":47,"minecraft:salmon":12,"minecraft:leather":3,"minecraft:potato":39,"minecraft:flint":8,"quark:frog_leg":2,"minecraft:cobblestone_wall":1,"minecraft:cobblestone_stairs":1,"gobber2:gobber2_ore":32,"minecraft:lapis_lazuli":210,"minecraft:map":10,"minecraft:dirt":117,"minecraft:paper":4,"minecraft:glass":60,"minecraft:bone":33,"minecraft:bow":9,"minecraft:iron_ingot":3,"minecraft:grindstone":2,"quark:tallow":3,"minecraft:iron_ore":182,"quark:cobblestone_bricks_slab":56,"minecraft:sweet_berries":2,"minecraft:poisonous_potato":1,"minecraft:gravel":22,"minecraft:sand":60,"minecraft:spruce_sapling":194,"minecraft:blast_furnace":2,"minecraft:spruce_log":703,"minecraft:gold_ore":35,"minecraft:spruce_door":1,"quark:cobblestone_bricks":157,"minecraft:purple_bed":4,"quark:cobblestone_bricks_stairs":119,"minecraft:diamond":14,"waystones:waystone":3,"minecraft:granite":104,"minecraft:bread":14,"minecraft:emerald":4,"iceandfire:silver_nugget":30,"minecraft:coal":455,"minecraft:ender_pearl":1},"minecraft:mined":{"minecraft:diamond_ore":13,"minecraft:spruce_planks":1,"minecraft:granite":47,"minecraft:grass_block":8,"minecraft:spruce_leaves":7,"minecraft:large_fern":1,"minecraft:redstone_ore":25,"gobber2:gobber2_ore":8,"minecraft:furnace":4,"minecraft:iron_ore":65,"minecraft:fire":3,"minecraft:snow":96,"minecraft:andesite":9,"minecraft:potatoes":9,"iceandfire:gold_pile":5,"minecraft:stone":1225,"minecraft:spruce_slab":57,"quark:cobblestone_bricks_stairs":114,"minecraft:glass_pane":1,"minecraft:snow_block":1518,"minecraft:crafting_table":5,"minecraft:torch":12,"quark:cobblestone_bricks":139,"minecraft:blast_furnace":2,"minecraft:cobblestone":11,"quark:cobblestone_bricks_slab":47,"minecraft:lapis_ore":6,"minecraft:grindstone":2,"minecraft:sugar_cane":8,"minecraft:diorite":62,"minecraft:wall_torch":29,"minecraft:purple_bed":4,"minecraft:sweet_berry_bush":1,"minecraft:spruce_log":644,"mining_dimension:teleporter":7,"biomesoplenty:maple_leaves":1,"minecraft:grass":2,"minecraft:coal_ore":162,"iceandfire:silver_pile":3,"minecraft:sand":61,"quark:spruce_chest":18,"minecraft:gravel":14,"minecraft:dirt":60,"minecraft:gold_ore":21},"minecraft:broken":{"minecraft:iron_shovel":5,"minecraft:stone_pickaxe":6,"minecraft:iron_axe":1,"minecraft:stone_axe":1,"minecraft:iron_pickaxe":3},"minecraft:dropped":{"minecraft:bread":7,"minecraft:poisonous_potato":1,"minecraft:cobblestone":16,"minecraft:granite":46,"minecraft:spruce_door":1,"everlastingabilities:ability_bottle":1,"minecraft:coal":7,"minecraft:flint":4,"minecraft:cobblestone_stairs":1,"minecraft:dirt":28,"minecraft:diorite":60,"quark:cobblestone_bricks":14,"quark:cobblestone_bricks_slab":3,"minecraft:snowball":3265,"minecraft:iron_axe":1,"minecraft:iron_pickaxe":2,"minecraft:iron_shovel":2,"minecraft:redstone":64,"minecraft:bone":4,"minecraft:snow_block":222,"quark:tallow":3,"minecraft:iron_nugget":2,"minecraft:cobblestone_wall":1,"minecraft:rotten_flesh":4,"minecraft:poppy":4,"minecraft:tipped_arrow":1,"minecraft:shield":1,"minecraft:spruce_planks":3,"minecraft:diamond_pickaxe":1,"minecraft:andesite":47,"minecraft:iron_ore":2,"minecraft:arrow":5,"minecraft:bow":3,"minecraft:wooden_pickaxe":3},"minecraft:killed":{"iceandfire:hippogryph":1,"minecraft:skeleton":4,"minecraft:pig":2,"minecraft:salmon":12,"quark:frog":2,"minecraft:sheep":4,"minecraft:zombie":3,"minecraft:stray":2},"minecraft:used":{"minecraft:iron_shovel":1741,"minecraft:flint_and_steel":3,"minecraft:armor_stand":5,"minecraft:spruce_slab":286,"quark:cobblestone_bricks_slab":79,"minecraft:spruce_planks":1,"minecraft:shield":41,"minecraft:torch":189,"minecraft:dirt":19,"minecraft:granite":6,"minecraft:snowball":3,"minecraft:glass":60,"quark:spruce_chest":48,"minecraft:iron_axe":169,"stalwart_dungeons:diamond_hammer":277,"gobber2:gobber2_hammer":175,"quark:cooked_frog_leg":2,"minecraft:golden_sword":16,"minecraft:sweet_berries":2,"minecraft:furnace":6,"minecraft:potato":20,"minecraft:cooked_mutton":5,"minecraft:water_bucket":35,"minecraft:spruce_door":2,"minecraft:snow_block":106,"quark:cobblestone_bricks":829,"minecraft:stone_pickaxe":786,"minecraft:ender_pearl":1,"minecraft:wooden_pickaxe":15,"minecraft:salmon":12,"minecraft:crafting_table":7,"minecraft:blast_furnace":2,"minecraft:campfire":1,"minecraft:spruce_log":879,"waystones:waystone":2,"minecraft:diamond_pickaxe":6,"minecraft:bread":21,"minecraft:iron_pickaxe":752,"quark:cobblestone_bricks_stairs":227,"minecraft:spruce_sapling":40,"minecraft:stone_axe":49,"minecraft:purple_bed":4,"minecraft:cobblestone":253,"minecraft:porkchop":5,"minecraft:grindstone":2,"minecraft:bucket":35,"mining_dimension:teleporter":4,"minecraft:bone_meal":21},"minecraft:killed_by":{"minecraft:stray":1,"iceandfire:hippogryph":2,"minecraft:skeleton":11},"minecraft:custom":{"minecraft:mob_kills":32,"minecraft:interact_with_crafting_table":62,"minecraft:leave_game":12,"minecraft:time_since_death":5578,"minecraft:climb_one_cm":598,"minecraft:sprint_one_cm":674874,"minecraft:damage_blocked_by_shield":2764,"minecraft:walk_one_cm":594501,"minecraft:drop":287,"minecraft:talked_to_villager":2,"minecraft:deaths":14,"minecraft:sneak_time":21575,"minecraft:walk_under_water_one_cm":19273,"minecraft:jump":2605,"minecraft:interact_with_blast_furnace":4,"minecraft:walk_on_water_one_cm":16696,"minecraft:interact_with_furnace":59,"minecraft:play_one_minute":267059,"minecraft:sleep_in_bed":10,"minecraft:time_since_rest":5604,"minecraft:waystone_activated":3,"minecraft:damage_taken":4478,"minecraft:damage_dealt":4757,"minecraft:swim_one_cm":30064,"minecraft:fly_one_cm":420746,"minecraft:open_chest":292,"minecraft:crouch_one_cm":94702,"minecraft:fall_one_cm":50815},"minecraft:crafted":{"minecraft:smooth_stone":8,"mining_dimension:teleporter":1,"quark:cobblestone_bricks_slab":156,"minecraft:furnace":2,"minecraft:stone":36,"stalwart_dungeons:diamond_hammer":1,"minecraft:bone_meal":21,"minecraft:cooked_mutton":5,"minecraft:flint_and_steel":1,"gobber2:gobber2_glob":18,"minecraft:glass":9,"minecraft:iron_boots":1,"minecraft:iron_axe":3,"minecraft:spruce_slab":360,"quark:cobblestone_bricks":1444,"minecraft:stone_pickaxe":7,"minecraft:spruce_boat":2,"quark:spruce_chest":36,"quark:cobblestone_bricks_stairs":308,"gobber2:gobber2_ingot":12,"iceandfire:silver_ingot":1,"minecraft:crafting_table":2,"minecraft:spruce_planks":664,"gobber2:gobber2_hammer":1,"minecraft:wooden_pickaxe":1,"gobber2:gobber2_ring":1,"minecraft:spruce_door":2,"gobber2:gobber2_rod":2,"minecraft:campfire":1,"minecraft:bucket":1,"minecraft:stone_axe":1,"minecraft:air":0,"minecraft:diamond_pickaxe":1,"minecraft:shield":2,"gobber2:gobber2_ring_attraction":1,"minecraft:stick":48,"minecraft:iron_ingot":112,"minecraft:iron_pickaxe":4,"minecraft:snow_block":208,"minecraft:iron_shovel":8,"minecraft:iron_leggings":1,"minecraft:gold_ingot":29,"minecraft:torch":212,"minecraft:shears":1}},"DataVersion":2586}