{"stats":{"minecraft:used":{"minecraft:armor_stand":1,"minecraft:bread":7,"minecraft:stone_pickaxe":177,"minecraft:wooden_pickaxe":15,"minecraft:torch":14,"minecraft:stone_axe":11,"minecraft:golden_sword":6,"minecraft:cobblestone":4,"minecraft:crafting_table":3,"minecraft:furnace":1,"minecraft:spruce_log":61,"mining_dimension:teleporter":1},"minecraft:broken":{"minecraft:stone_pickaxe":1},"minecraft:picked_up":{"minecraft:stick":10,"minecraft:crafting_table":2,"minecraft:wooden_pickaxe":2,"minecraft:spruce_sapling":10,"minecraft:spruce_log":62,"minecraft:dirt":28,"minecraft:armor_stand":1,"minecraft:gold_nugget":36,"minecraft:iron_ore":15,"everlastingabilities:ability_bottle":1,"minecraft:coal":23,"iceandfire:silver_nugget":16,"minecraft:cobblestone":153},"minecraft:dropped":{"minecraft:dirt":28,"minecraft:spruce_planks":3,"minecraft:cobblestone":1,"minecraft:wooden_pickaxe":3},"minecraft:custom":{"minecraft:time_since_rest":18134,"minecraft:waystone_activated":1,"minecraft:interact_with_furnace":1,"minecraft:sprint_one_cm":76422,"minecraft:damage_taken":150,"minecraft:walk_one_cm":34165,"minecraft:drop":9,"minecraft:damage_dealt":0,"minecraft:talked_to_villager":1,"minecraft:swim_one_cm":5268,"minecraft:interact_with_crafting_table":8,"minecraft:fly_one_cm":99527,"minecraft:open_chest":7,"minecraft:play_one_minute":26042,"minecraft:crouch_one_cm":237,"minecraft:sneak_time":254,"minecraft:walk_under_water_one_cm":225,"minecraft:jump":570,"minecraft:leave_game":1,"minecraft:time_since_death":26042,"minecraft:walk_on_water_one_cm":1106,"minecraft:sleep_in_bed":1,"minecraft:climb_one_cm":299,"minecraft:fall_one_cm":13269},"minecraft:crafted":{"iceandfire:silver_ingot":1,"minecraft:shield":1,"minecraft:crafting_table":1,"minecraft:spruce_planks":24,"minecraft:stick":8,"mining_dimension:teleporter":1,"minecraft:iron_ingot":2,"minecraft:wooden_pickaxe":1,"minecraft:stone_pickaxe":3,"minecraft:gold_ingot":4,"minecraft:furnace":1,"minecraft:torch":20,"minecraft:stone_axe":1,"minecraft:flint_and_steel":1},"minecraft:mined":{"minecraft:iron_ore":15,"minecraft:spruce_log":66,"biomesoplenty:maple_leaves":1,"minecraft:crafting_table":2,"minecraft:coal_ore":23,"minecraft:grass":2,"minecraft:grass_block":8,"iceandfire:silver_pile":3,"iceandfire:gold_pile":5,"minecraft:dirt":6,"minecraft:stone":153}},"DataVersion":2586}