{"stats":{"minecraft:picked_up":{"minecraft:iron_chestplate":1,"minecraft:crafting_table":6,"quark:cooked_frog_leg":2,"minecraft:stone_slab":1,"minecraft:wooden_pickaxe":2,"minecraft:gold_block":2,"minecraft:enchanted_book":3,"minecraft:brewing_stand":1,"minecraft:golden_sword":2,"iceandfire:manuscript":9,"minecraft:string":10,"minecraft:large_fern":1,"minecraft:iron_leggings":1,"minecraft:armor_stand":7,"mining_dimension:teleporter":13,"iceandfire:bestiary":2,"quark:spruce_chest":23,"minecraft:gold_nugget":36,"minecraft:smooth_stone":7,"minecraft:spruce_planks":35,"minecraft:beef":23,"minecraft:iron_nugget":4,"minecraft:poppy":4,"minecraft:light_gray_wool":2,"minecraft:spruce_slab":130,"minecraft:lectern":2,"minecraft:sugar_cane":52,"minecraft:chest":2,"minecraft:iron_boots":1,"minecraft:furnace":4,"minecraft:tipped_arrow":4,"minecraft:stick":66,"minecraft:stone":28,"minecraft:torch":54,"minecraft:porkchop":5,"minecraft:snow_block":124,"minecraft:diorite":198,"minecraft:redstone":581,"minecraft:iron_horse_armor":2,"iceandfire:silver_ingot":2,"minecraft:arrow":20,"quark:clear_shard":6,"minecraft:rotten_flesh":8,"relics:squire_bag":1,"minecraft:shears":2,"iceandfire:hippogryph_skull":3,"minecraft:hay_block":16,"everlastingabilities:ability_bottle":4,"minecraft:saddle":1,"minecraft:gold_ingot":33,"minecraft:mutton":25,"minecraft:obsidian":3,"minecraft:snowball":3991,"minecraft:cobblestone":3176,"minecraft:white_wool":18,"minecraft:feather":9,"minecraft:andesite":99,"gobber2:gobber2_ingot":5,"minecraft:salmon":12,"minecraft:leather":10,"gobber2:gobber2_gooey_beefstew":1,"minecraft:potato":46,"minecraft:flint":13,"gobber2:gobber2_ore":68,"minecraft:cobblestone_wall":1,"minecraft:cobblestone_stairs":1,"quark:frog_leg":2,"minecraft:dirt":150,"minecraft:map":10,"minecraft:lapis_lazuli":292,"minecraft:paper":6,"minecraft:glass":60,"minecraft:bone":51,"minecraft:apple":7,"minecraft:stone_bricks":3,"minecraft:bow":9,"minecraft:wheat_seeds":1,"minecraft:iron_ore":268,"minecraft:bell":1,"minecraft:iron_ingot":3,"minecraft:grindstone":5,"everlastingabilities:ability_totem":3,"quark:tallow":3,"minecraft:mossy_stone_bricks":1,"quark:cobblestone_bricks_slab":56,"minecraft:book":30,"minecraft:music_disc_13":1,"minecraft:sweet_berries":2,"minecraft:poisonous_potato":2,"minecraft:gravel":53,"minecraft:sand":97,"minecraft:spruce_sapling":200,"minecraft:blast_furnace":2,"minecraft:spruce_log":728,"minecraft:gold_ore":70,"minecraft:spruce_door":1,"quark:cobblestone_bricks":159,"minecraft:purple_bed":4,"quark:cobblestone_bricks_stairs":119,"minecraft:diamond":28,"minecraft:spruce_boat":3,"waystones:waystone":6,"minecraft:iron_helmet":1,"minecraft:granite":189,"minecraft:gray_wool":4,"minecraft:spruce_sign":1,"minecraft:emerald":11,"minecraft:bread":20,"minecraft:black_wool":1,"iceandfire:silver_nugget":30,"minecraft:coal":568,"minecraft:ender_pearl":1},"minecraft:mined":{"minecraft:diamond_ore":16,"biomesoplenty:watergrass":2,"minecraft:spruce_planks":1,"minecraft:brewing_stand":1,"minecraft:granite":58,"minecraft:grass_block":8,"gobber2:gobber2_lucky_block":1,"minecraft:spruce_leaves":10,"minecraft:large_fern":1,"minecraft:hay_block":16,"gobber2:gobber2_ore":20,"minecraft:redstone_ore":28,"minecraft:furnace":4,"minecraft:iron_ore":80,"minecraft:fire":3,"minecraft:snow":96,"minecraft:andesite":27,"minecraft:gold_block":1,"minecraft:bell":1,"minecraft:bookshelf":10,"minecraft:potatoes":9,"iceandfire:gold_pile":5,"minecraft:stone":1552,"minecraft:spruce_slab":57,"quark:cobblestone_bricks_stairs":114,"minecraft:glass_pane":1,"quark:oak_chest":1,"minecraft:snow_block":1518,"quark:cobblestone_bricks":141,"minecraft:torch":12,"minecraft:crafting_table":6,"minecraft:blast_furnace":2,"minecraft:chest":2,"minecraft:tall_grass":2,"minecraft:lectern":2,"minecraft:glass":2,"quark:cobblestone_bricks_slab":47,"minecraft:cobblestone":18,"minecraft:lapis_ore":11,"biomesoplenty:huge_clover_petal":4,"minecraft:grindstone":5,"minecraft:sugar_cane":8,"minecraft:diorite":87,"minecraft:wall_torch":30,"minecraft:purple_bed":4,"minecraft:sweet_berry_bush":1,"minecraft:spruce_log":646,"mining_dimension:teleporter":7,"biomesoplenty:maple_leaves":1,"minecraft:grass":5,"biomesoplenty:clover":3,"minecraft:coal_ore":182,"iceandfire:silver_pile":3,"quark:spruce_chest":23,"minecraft:gravel":50,"minecraft:dirt":93,"minecraft:sand":99,"minecraft:stone_bricks":3,"minecraft:mossy_stone_bricks":1,"minecraft:gold_ore":31},"minecraft:broken":{"minecraft:iron_shovel":5,"minecraft:stone_pickaxe":6,"minecraft:iron_axe":1,"minecraft:stone_axe":1,"minecraft:iron_pickaxe":3},"minecraft:dropped":{"minecraft:spruce_sign":1,"minecraft:bread":7,"minecraft:wheat_seeds":1,"minecraft:crafting_table":1,"minecraft:poisonous_potato":2,"minecraft:iron_helmet":1,"minecraft:cobblestone":82,"minecraft:granite":67,"minecraft:iron_horse_armor":1,"everlastingabilities:ability_totem":2,"minecraft:spruce_door":1,"relics:squire_bag":1,"everlastingabilities:ability_bottle":1,"minecraft:coal":7,"minecraft:cobblestone_stairs":1,"minecraft:stick":2,"minecraft:music_disc_13":1,"minecraft:flint":9,"minecraft:dirt":28,"minecraft:gray_wool":2,"quark:clear_shard":2,"minecraft:diorite":98,"quark:cobblestone_bricks":14,"minecraft:large_fern":1,"quark:cobblestone_bricks_slab":3,"minecraft:snowball":3267,"minecraft:iron_leggings":1,"minecraft:iron_axe":1,"minecraft:iron_pickaxe":2,"minecraft:iron_shovel":2,"minecraft:paper":2,"minecraft:spruce_sapling":6,"minecraft:redstone":66,"minecraft:armor_stand":2,"minecraft:bone":4,"minecraft:snow_block":222,"minecraft:gravel":31,"quark:tallow":3,"minecraft:iron_nugget":2,"minecraft:cobblestone_wall":1,"minecraft:rotten_flesh":8,"minecraft:light_gray_wool":1,"minecraft:iron_boots":1,"minecraft:stone_slab":1,"minecraft:poppy":4,"minecraft:tipped_arrow":1,"minecraft:shield":1,"minecraft:spruce_planks":3,"minecraft:diamond_pickaxe":1,"minecraft:iron_chestplate":1,"minecraft:andesite":99,"minecraft:chest":2,"minecraft:stone_bricks":3,"minecraft:iron_ore":2,"minecraft:bow":3,"minecraft:arrow":5,"minecraft:wooden_pickaxe":3,"minecraft:bell":1,"iceandfire:manuscript":5},"minecraft:killed":{"iceandfire:hippogryph":1,"minecraft:skeleton":4,"minecraft:pig":2,"minecraft:salmon":12,"quark:frog":2,"minecraft:sheep":18,"minecraft:zombie":4,"minecraft:stray":2,"minecraft:cow":11},"minecraft:used":{"minecraft:iron_shovel":1849,"minecraft:flint_and_steel":3,"minecraft:armor_stand":5,"minecraft:spruce_slab":286,"quark:cobblestone_bricks_slab":79,"minecraft:spruce_planks":1,"minecraft:shield":42,"minecraft:torch":196,"minecraft:dirt":19,"minecraft:snowball":3,"minecraft:granite":6,"minecraft:glass":80,"minecraft:spruce_boat":3,"quark:spruce_chest":48,"stalwart_dungeons:diamond_hammer":332,"minecraft:iron_axe":203,"gobber2:gobber2_hammer":634,"quark:cooked_frog_leg":2,"minecraft:golden_sword":16,"minecraft:sweet_berries":2,"minecraft:furnace":6,"minecraft:potato":20,"minecraft:cooked_mutton":8,"minecraft:water_bucket":35,"minecraft:mossy_stone_bricks":1,"minecraft:spruce_door":2,"minecraft:snow_block":106,"quark:cobblestone_bricks":829,"minecraft:baked_potato":10,"minecraft:stone_pickaxe":786,"minecraft:ender_pearl":1,"minecraft:wooden_pickaxe":15,"minecraft:salmon":12,"minecraft:blast_furnace":3,"minecraft:crafting_table":7,"minecraft:campfire":1,"minecraft:spruce_log":881,"minecraft:smoker":2,"waystones:waystone":3,"minecraft:diamond_pickaxe":6,"minecraft:iron_pickaxe":752,"minecraft:bread":21,"quark:cobblestone_bricks_stairs":227,"minecraft:spruce_sapling":40,"minecraft:stone_axe":49,"minecraft:purple_bed":4,"minecraft:cobblestone":285,"minecraft:porkchop":5,"minecraft:grindstone":3,"minecraft:smithing_table":1,"minecraft:bucket":36,"mining_dimension:teleporter":5,"minecraft:bone_meal":21},"minecraft:killed_by":{"minecraft:stray":1,"iceandfire:hippogryph":2,"minecraft:skeleton":11},"minecraft:crafted":{"minecraft:smooth_stone":8,"mining_dimension:teleporter":1,"quark:cobblestone_bricks_slab":156,"minecraft:furnace":5,"minecraft:blast_furnace":1,"minecraft:stone":36,"stalwart_dungeons:diamond_hammer":1,"minecraft:bone_meal":21,"minecraft:flint_and_steel":1,"minecraft:cooked_mutton":25,"gobber2:gobber2_glob":18,"minecraft:glass":41,"minecraft:iron_boots":1,"minecraft:iron_axe":3,"travelersbackpack:gray_sleeping_bag":1,"minecraft:spruce_slab":360,"quark:cobblestone_bricks":1444,"minecraft:stone_pickaxe":7,"minecraft:spruce_boat":2,"quark:spruce_chest":36,"quark:cobblestone_bricks_stairs":308,"minecraft:smoker":2,"gobber2:gobber2_ingot":12,"iceandfire:silver_ingot":1,"minecraft:crafting_table":2,"minecraft:spruce_planks":664,"travelersbackpack:backpack_tank":2,"gobber2:gobber2_hammer":1,"minecraft:wooden_pickaxe":1,"minecraft:baked_potato":10,"travelersbackpack:standard":1,"gobber2:gobber2_ring":1,"minecraft:spruce_door":2,"minecraft:smithing_table":1,"gobber2:gobber2_rod":2,"minecraft:bucket":1,"minecraft:campfire":1,"minecraft:stone_axe":1,"minecraft:air":0,"minecraft:diamond_pickaxe":1,"minecraft:shield":2,"gobber2:gobber2_ring_attraction":1,"minecraft:stick":48,"minecraft:iron_ingot":112,"minecraft:iron_pickaxe":4,"minecraft:snow_block":208,"minecraft:iron_shovel":8,"minecraft:gold_ingot":29,"minecraft:iron_leggings":1,"minecraft:torch":212,"minecraft:shears":1},"minecraft:custom":{"minecraft:interact_with_smithing_table":1,"minecraft:mob_kills":58,"minecraft:interact_with_crafting_table":67,"minecraft:leave_game":15,"minecraft:time_since_death":66697,"minecraft:climb_one_cm":909,"minecraft:damage_blocked_by_shield":2839,"minecraft:sprint_one_cm":867107,"minecraft:walk_one_cm":719326,"minecraft:drop":327,"minecraft:talked_to_villager":3,"minecraft:sneak_time":22643,"minecraft:deaths":14,"minecraft:walk_under_water_one_cm":19589,"minecraft:boat_one_cm":25095,"minecraft:jump":3669,"minecraft:interact_with_blast_furnace":5,"minecraft:walk_on_water_one_cm":26840,"minecraft:interact_with_furnace":71,"minecraft:play_one_minute":328178,"minecraft:sleep_in_bed":11,"minecraft:time_since_rest":59813,"minecraft:waystone_activated":5,"minecraft:damage_taken":4528,"minecraft:damage_dealt":9279,"minecraft:swim_one_cm":31400,"minecraft:fly_one_cm":708591,"minecraft:crouch_one_cm":98792,"minecraft:open_chest":362,"minecraft:fall_one_cm":75995}},"DataVersion":2586}