{"stats":{"minecraft:picked_up":{"minecraft:crafting_table":3,"minecraft:wooden_pickaxe":2,"minecraft:enchanted_book":2,"minecraft:golden_sword":1,"iceandfire:manuscript":2,"minecraft:armor_stand":1,"mining_dimension:teleporter":9,"iceandfire:bestiary":1,"quark:spruce_chest":2,"minecraft:gold_nugget":36,"minecraft:spruce_planks":34,"minecraft:iron_nugget":2,"minecraft:sugar_cane":8,"minecraft:furnace":2,"minecraft:tipped_arrow":2,"minecraft:stick":33,"minecraft:torch":9,"minecraft:snow_block":11,"minecraft:diorite":72,"minecraft:redstone":115,"iceandfire:silver_ingot":1,"minecraft:arrow":12,"minecraft:rotten_flesh":3,"iceandfire:hippogryph_skull":2,"minecraft:shears":1,"everlastingabilities:ability_bottle":3,"minecraft:gold_ingot":18,"minecraft:obsidian":1,"minecraft:snowball":939,"minecraft:cobblestone":782,"minecraft:feather":6,"minecraft:andesite":4,"minecraft:leather":2,"minecraft:potato":9,"minecraft:flint":4,"minecraft:map":5,"minecraft:lapis_lazuli":64,"minecraft:dirt":87,"minecraft:paper":2,"minecraft:bone":20,"minecraft:bow":6,"minecraft:iron_ore":47,"minecraft:gravel":10,"minecraft:spruce_sapling":96,"minecraft:spruce_log":367,"minecraft:gold_ore":17,"minecraft:spruce_door":1,"quark:cobblestone_bricks":57,"minecraft:purple_bed":3,"quark:cobblestone_bricks_stairs":9,"minecraft:granite":19,"minecraft:emerald":2,"minecraft:bread":14,"minecraft:coal":174,"iceandfire:silver_nugget":23},"minecraft:dropped":{"minecraft:bread":7,"minecraft:cobblestone":16,"minecraft:granite":19,"everlastingabilities:ability_bottle":1,"minecraft:coal":7,"minecraft:dirt":28,"quark:cobblestone_bricks":3,"minecraft:snowball":744,"minecraft:iron_axe":1,"minecraft:iron_shovel":1,"minecraft:bone":4,"minecraft:snow_block":7,"minecraft:rotten_flesh":3,"minecraft:spruce_planks":3,"minecraft:andesite":4,"minecraft:arrow":5,"minecraft:bow":2,"minecraft:wooden_pickaxe":3},"minecraft:killed":{"iceandfire:hippogryph":1,"minecraft:skeleton":3,"minecraft:zombie":3,"minecraft:stray":1},"minecraft:mined":{"minecraft:granite":19,"minecraft:grass_block":8,"minecraft:spruce_leaves":2,"minecraft:redstone_ore":14,"minecraft:furnace":2,"minecraft:iron_ore":47,"minecraft:snow":60,"minecraft:andesite":4,"iceandfire:gold_pile":5,"minecraft:stone":751,"quark:cobblestone_bricks_stairs":7,"minecraft:snow_block":220,"minecraft:crafting_table":3,"minecraft:torch":4,"quark:cobblestone_bricks":54,"minecraft:cobblestone":6,"minecraft:lapis_ore":5,"minecraft:diorite":36,"minecraft:wall_torch":4,"minecraft:purple_bed":3,"minecraft:spruce_log":372,"mining_dimension:teleporter":6,"biomesoplenty:maple_leaves":1,"minecraft:grass":2,"minecraft:coal_ore":113,"iceandfire:silver_pile":3,"minecraft:gravel":12,"quark:spruce_chest":2,"minecraft:dirt":45,"minecraft:gold_ore":17},"minecraft:crafted":{"mining_dimension:teleporter":1,"minecraft:furnace":2,"minecraft:bone_meal":21,"minecraft:flint_and_steel":1,"minecraft:iron_boots":1,"minecraft:iron_axe":3,"quark:cobblestone_bricks":424,"minecraft:stone_pickaxe":7,"quark:spruce_chest":2,"quark:cobblestone_bricks_stairs":20,"iceandfire:silver_ingot":1,"minecraft:crafting_table":1,"minecraft:spruce_planks":96,"minecraft:wooden_pickaxe":1,"minecraft:spruce_door":2,"minecraft:bucket":1,"minecraft:campfire":1,"minecraft:stone_axe":1,"minecraft:air":0,"minecraft:shield":1,"minecraft:stick":40,"minecraft:iron_ingot":45,"minecraft:iron_pickaxe":4,"minecraft:iron_leggings":1,"minecraft:snow_block":12,"minecraft:iron_shovel":2,"minecraft:gold_ingot":21,"minecraft:torch":124,"minecraft:shears":1},"minecraft:broken":{"minecraft:stone_pickaxe":6,"minecraft:stone_axe":1,"minecraft:iron_pickaxe":1},"minecraft:killed_by":{"minecraft:stray":1,"iceandfire:hippogryph":2,"minecraft:skeleton":10},"minecraft:used":{"minecraft:iron_shovel":329,"minecraft:armor_stand":1,"minecraft:shield":25,"minecraft:torch":96,"minecraft:dirt":19,"quark:spruce_chest":4,"minecraft:iron_axe":55,"minecraft:golden_sword":16,"minecraft:furnace":4,"minecraft:spruce_door":2,"minecraft:snow_block":8,"quark:cobblestone_bricks":442,"minecraft:stone_pickaxe":786,"minecraft:wooden_pickaxe":15,"minecraft:crafting_table":4,"minecraft:campfire":1,"minecraft:spruce_log":588,"minecraft:bread":15,"minecraft:iron_pickaxe":278,"quark:cobblestone_bricks_stairs":25,"minecraft:spruce_sapling":28,"minecraft:stone_axe":49,"minecraft:cobblestone":235,"minecraft:purple_bed":3,"minecraft:bone_meal":21,"mining_dimension:teleporter":4},"minecraft:custom":{"minecraft:mob_kills":10,"minecraft:interact_with_crafting_table":31,"minecraft:leave_game":4,"minecraft:time_since_death":13005,"minecraft:climb_one_cm":299,"minecraft:sprint_one_cm":283060,"minecraft:walk_one_cm":202834,"minecraft:damage_blocked_by_shield":2004,"minecraft:drop":77,"minecraft:talked_to_villager":2,"minecraft:deaths":13,"minecraft:sneak_time":10710,"minecraft:walk_under_water_one_cm":497,"minecraft:jump":1425,"minecraft:walk_on_water_one_cm":2679,"minecraft:interact_with_furnace":19,"minecraft:play_one_minute":112143,"minecraft:sleep_in_bed":4,"minecraft:time_since_rest":13031,"minecraft:waystone_activated":1,"minecraft:damage_taken":3892,"minecraft:damage_dealt":2209,"minecraft:swim_one_cm":10828,"minecraft:fly_one_cm":213598,"minecraft:open_chest":64,"minecraft:crouch_one_cm":54402,"minecraft:fall_one_cm":29842}},"DataVersion":2586}