{"stats":{"minecraft:picked_up":{"minecraft:crafting_table":3,"minecraft:feather":3,"minecraft:andesite":4,"minecraft:leather":1,"minecraft:wooden_pickaxe":2,"minecraft:enchanted_book":1,"minecraft:lapis_lazuli":32,"minecraft:dirt":67,"minecraft:armor_stand":1,"minecraft:bone":12,"mining_dimension:teleporter":3,"minecraft:bow":2,"minecraft:gold_nugget":36,"minecraft:iron_ore":43,"minecraft:furnace":2,"minecraft:tipped_arrow":1,"minecraft:stick":33,"minecraft:torch":7,"minecraft:snow_block":3,"minecraft:spruce_sapling":62,"minecraft:diorite":28,"minecraft:spruce_log":367,"minecraft:redstone":53,"minecraft:gold_ore":17,"quark:cobblestone_bricks":45,"minecraft:arrow":8,"minecraft:purple_bed":3,"minecraft:rotten_flesh":3,"quark:cobblestone_bricks_stairs":7,"iceandfire:hippogryph_skull":1,"minecraft:granite":19,"everlastingabilities:ability_bottle":1,"iceandfire:silver_nugget":16,"minecraft:coal":146,"minecraft:snowball":804,"minecraft:cobblestone":701},"minecraft:dropped":{"minecraft:snow_block":3,"minecraft:cobblestone":1,"minecraft:rotten_flesh":3,"minecraft:granite":19,"minecraft:coal":1,"minecraft:dirt":28,"minecraft:spruce_planks":3,"minecraft:andesite":4,"minecraft:snowball":743,"minecraft:iron_axe":1,"minecraft:arrow":3,"minecraft:wooden_pickaxe":3,"minecraft:iron_shovel":1},"minecraft:killed":{"iceandfire:hippogryph":1,"minecraft:skeleton":3,"minecraft:zombie":3,"minecraft:stray":1},"minecraft:mined":{"quark:cobblestone_bricks_stairs":7,"minecraft:snow_block":220,"minecraft:crafting_table":3,"minecraft:torch":3,"quark:cobblestone_bricks":46,"minecraft:granite":19,"minecraft:grass_block":8,"minecraft:cobblestone":6,"minecraft:spruce_leaves":2,"minecraft:lapis_ore":5,"minecraft:diorite":28,"minecraft:wall_torch":4,"minecraft:purple_bed":3,"minecraft:redstone_ore":12,"minecraft:furnace":2,"minecraft:iron_ore":43,"minecraft:snow":7,"minecraft:spruce_log":372,"minecraft:andesite":4,"mining_dimension:teleporter":3,"biomesoplenty:maple_leaves":1,"minecraft:grass":2,"minecraft:coal_ore":97,"iceandfire:silver_pile":3,"iceandfire:gold_pile":5,"minecraft:dirt":45,"minecraft:stone":698,"minecraft:gold_ore":17},"minecraft:crafted":{"iceandfire:silver_ingot":1,"minecraft:crafting_table":1,"minecraft:spruce_planks":96,"minecraft:wooden_pickaxe":1,"mining_dimension:teleporter":1,"minecraft:spruce_door":2,"minecraft:furnace":2,"minecraft:bone_meal":21,"minecraft:campfire":1,"minecraft:stone_axe":1,"minecraft:air":0,"minecraft:flint_and_steel":1,"minecraft:iron_boots":1,"minecraft:shield":1,"minecraft:iron_axe":3,"quark:cobblestone_bricks":424,"minecraft:stick":40,"minecraft:iron_ingot":45,"minecraft:iron_pickaxe":1,"minecraft:stone_pickaxe":7,"minecraft:snow_block":12,"minecraft:iron_shovel":2,"minecraft:gold_ingot":21,"minecraft:iron_leggings":1,"quark:spruce_chest":2,"minecraft:torch":124,"quark:cobblestone_bricks_stairs":20,"minecraft:shears":1},"minecraft:killed_by":{"minecraft:skeleton":10,"minecraft:stray":1,"iceandfire:hippogryph":2},"minecraft:used":{"minecraft:iron_shovel":264,"minecraft:spruce_door":2,"minecraft:snow_block":8,"quark:cobblestone_bricks":437,"minecraft:armor_stand":1,"minecraft:stone_pickaxe":786,"minecraft:wooden_pickaxe":15,"minecraft:shield":25,"minecraft:torch":75,"minecraft:dirt":19,"minecraft:crafting_table":3,"minecraft:campfire":1,"minecraft:spruce_log":588,"quark:spruce_chest":2,"minecraft:iron_pickaxe":187,"minecraft:iron_axe":50,"minecraft:bread":14,"quark:cobblestone_bricks_stairs":25,"minecraft:spruce_sapling":28,"minecraft:stone_axe":49,"minecraft:golden_sword":16,"minecraft:cobblestone":234,"minecraft:purple_bed":3,"minecraft:furnace":4,"mining_dimension:teleporter":2,"minecraft:bone_meal":21},"minecraft:custom":{"minecraft:interact_with_furnace":19,"minecraft:mob_kills":10,"minecraft:interact_with_crafting_table":29,"minecraft:play_one_minute":100143,"minecraft:leave_game":4,"minecraft:time_since_death":1005,"minecraft:sleep_in_bed":4,"minecraft:climb_one_cm":299,"minecraft:time_since_rest":1031,"minecraft:waystone_activated":1,"minecraft:sprint_one_cm":231977,"minecraft:damage_taken":3892,"minecraft:walk_one_cm":179151,"minecraft:damage_blocked_by_shield":2004,"minecraft:drop":66,"minecraft:damage_dealt":2209,"minecraft:swim_one_cm":10828,"minecraft:fly_one_cm":199139,"minecraft:talked_to_villager":2,"minecraft:open_chest":47,"minecraft:crouch_one_cm":53955,"minecraft:sneak_time":10610,"minecraft:deaths":13,"minecraft:walk_under_water_one_cm":497,"minecraft:jump":1345,"minecraft:walk_on_water_one_cm":2679,"minecraft:fall_one_cm":29097},"minecraft:broken":{"minecraft:stone_pickaxe":6,"minecraft:stone_axe":1}},"DataVersion":2586}